Time,T1,T2,Q1,Q2
0,20.949499999999997,20.6272,100,0
38.0,29.6516,21.594099999999997,0,0
39.0,29.973899999999997,21.594099999999997,100,0
40.0,30.2962,21.594099999999997,100,0
41.0,30.2962,21.594099999999997,76.93915813341482,0
43.0,30.940799999999996,21.9164,50.29556424203946,0
44.0,31.263099999999998,21.9164,78.92084417826874,0
45.0,31.585399999999996,21.9164,81.66027693210303,0
47.0,32.23,21.9164,54.94822499114727,0
48.0,32.23,21.9164,83.50504687779485,0
49.0,32.552299999999995,21.9164,100,0
51.0,33.1969,22.238699999999998,47.367871851859064,0
52.0,33.5192,22.238699999999998,75.87335020132264,0
53.0,33.5192,22.238699999999998,78.49298136839124,0
54.0,33.841499999999996,22.238699999999998,100,0
55.0,34.163799999999995,22.238699999999998,76.73378398467362,0
56.0,34.4861,22.238699999999998,79.31918612695202,0
58.0,35.1307,22.561,52.45310357444036,0
59.0,35.1307,22.561,100,0
60.0,35.452999999999996,22.561,76.66532593509193,0
61.0,35.775299999999994,22.561,79.18227002779237,0
62.0,35.775299999999994,22.561,100,0
64.0,36.4199,22.8833,47.19672672790676,0
65.0,36.7422,22.8833,75.53105995342048,0
67.0,37.064499999999995,22.8833,77.97954599653808,0
68.0,37.386799999999994,22.8833,80.41091752726058,0
69.0,37.7091,22.8833,82.82517454558669,0
71.0,38.0314,22.8833,85.22231705152143,0
72.0,38.0314,23.205599999999997,100,0
73.0,38.353699999999996,23.205599999999997,76.51129532353603,0
74.0,38.675999999999995,23.205599999999997,78.87420880468058,0
75.0,38.9983,23.205599999999997,81.22000777342514,0
76.0,38.9983,23.205599999999997,100,0
77.0,39.3206,23.205599999999997,76.45995178635202,0
78.0,39.6429,23.205599999999997,78.77152173030882,0
80.0,39.965199999999996,23.5279,81.06597716187052,0
81.0,39.965199999999996,23.205599999999997,83.34331808103713,0
83.0,40.6098,23.5279,85.60354448780733,0
84.0,40.9321,23.5279,87.84665638218617,0
85.0,40.9321,23.5279,100,0
86.0,41.2544,23.5279,76.35726471198012,0
87.0,41.2544,23.5279,100,0
89.0,41.898999999999994,23.850199999999997,46.90578001719137,0
90.0,41.898999999999994,23.850199999999997,100,0
91.0,42.2213,23.850199999999997,76.30592117479613,0
92.01,42.5436,23.850199999999997,78.46346050719703,0
93.0,42.5436,23.850199999999997,100,0
94.0,42.865899999999996,23.850199999999997,76.27169215000592,0
96.0,43.188199999999995,23.850199999999997,78.39500245761663,0
97.0,43.51049999999999,23.850199999999997,80.50119825283222,0
99.0,43.8328,24.1725,82.59027953565273,0
100.01,43.8328,24.1725,84.66224630607684,0
101.0,44.1551,24.1725,100,0
103.0,44.477399999999996,24.1725,76.18611958803172,0
104.0,44.799699999999994,24.1725,78.22385733366448,0
105.0,44.799699999999994,24.1725,80.24448056690574,0
106.0,45.122,24.494799999999998,100,0
107.0,45.122,24.494799999999998,76.13477605084513,0
108.0,45.4443,24.494799999999998,100,0
109.0,45.7666,24.494799999999998,76.11766153845002,0
110.0,45.7666,24.494799999999998,100,0
112.0,46.088899999999995,24.494799999999998,46.66617684365997,0
113.01,46.411199999999994,24.494799999999998,100,0
115.0,46.7335,24.494799999999998,76.06631800126473,0
116.0,47.0558,24.817099999999996,77.98425416013295,0
117.0,47.0558,24.494799999999998,100,0
118.0,47.378099999999996,24.817099999999996,76.03208897647582,0
119.01,47.378099999999996,24.817099999999996,100,0
120.0,47.700399999999995,24.817099999999996,76.01497446407814,0
122.0,48.02269999999999,24.817099999999996,77.88156708576479,0
123.0,48.02269999999999,24.817099999999996,100,0
125.0,48.345,24.817099999999996,75.98074543928794,0
126.0,48.6673,24.817099999999996,77.81310903618309,0
128.0,48.989599999999996,24.817099999999996,79.628358120682,0
129.0,49.311899999999994,25.1394,100,0
130.0,49.311899999999994,25.1394,75.92940190210393,0
131.0,49.63419999999999,25.1394,77.71042196181264,0
132.0,49.63419999999999,25.1394,100,0
133.0,49.63419999999999,25.1394,75.89517287731243,0
134.0,49.9565,25.1394,100,0
135.0,50.2788,25.1394,100,0
137.0,50.601099999999995,25.461699999999997,75.87805836491992,0
138.0,50.601099999999995,25.1394,77.6077348874409,0
139.0,50.601099999999995,25.461699999999997,100,0
140.0,50.923399999999994,25.461699999999997,75.84382934012973,0
141.01,50.923399999999994,25.461699999999997,100,0
142.01,51.2457,25.461699999999997,75.82671482773203,0
144.0,51.568,25.461699999999997,77.50504781307129,0
145.0,51.568,25.461699999999997,100,0
146.0,51.890299999999996,25.461699999999997,75.79248580294313,0
147.0,51.890299999999996,25.461699999999997,100,0
148.0,52.212599999999995,25.461699999999997,75.77537129054804,0
150.0,52.53489999999999,25.461699999999997,77.40236073870085,0
151.0,52.53489999999999,25.784,100,0
153.0,52.8572,25.784,75.74114226575654,0
154.0,52.8572,25.784,100,0
155.0,53.1795,25.784,75.72402775336403,0
156.0,53.1795,25.784,100,0
157.0,53.501799999999996,25.784,75.70691324096634,0
159.0,53.501799999999996,25.784,100,0
160.0,53.824099999999994,25.784,75.68979872857383,0
161.0,53.824099999999994,26.106299999999997,100,0
162.0,54.14639999999999,26.106299999999997,75.67268421617614,0
163.0,54.14639999999999,26.106299999999997,100,0
164.01,54.14639999999999,26.106299999999997,75.65556970378233,0
166.0,54.4687,26.106299999999997,100,0
167.0,54.791,26.106299999999997,75.63845519138724,0
168.0,54.791,26.106299999999997,100,0
169.0,55.113299999999995,26.106299999999997,75.62134067899214,0
170.0,55.113299999999995,26.106299999999997,100,0
172.0,55.113299999999995,26.106299999999997,75.60422616659703,0
173.0,55.435599999999994,26.106299999999997,100,0
175.0,55.75789999999999,26.4286,75.58711165420193,0
176.0,55.75789999999999,26.4286,100,0
177.0,55.75789999999999,26.4286,75.56999714180684,0
179.0,56.0802,26.4286,100,0
180.0,56.402499999999996,26.4286,75.55288262941045,0
181.0,56.402499999999996,26.4286,100,0
183.0,56.724799999999995,26.4286,75.53576811701794,0
184.0,56.724799999999995,26.4286,100,0
185.0,57.04709999999999,26.4286,75.51865360462024,0
186.01,57.04709999999999,26.4286,100,0
187.0,57.04709999999999,26.4286,75.50153909222644,0
189.0,57.3694,26.4286,100,0
190.0,57.3694,26.4286,100,0
191.0,57.6917,26.750899999999998,75.48442457983134,0
193.0,58.013999999999996,26.750899999999998,76.82046731726746,0
194.0,58.013999999999996,26.750899999999998,100,0
195.0,58.013999999999996,26.750899999999998,100,0
196.0,58.013999999999996,26.750899999999998,100,0
197.0,58.336299999999994,26.750899999999998,75.45019555504113,0
198.01,58.336299999999994,26.750899999999998,100,0
200.01,58.65859999999999,26.750899999999998,75.43308104264604,0
201.0,58.65859999999999,26.750899999999998,100,0
202.0,58.65859999999999,26.750899999999998,75.41596653025094,0
203.0,58.9809,26.750899999999998,100,0
205.0,58.9809,26.750899999999998,100,0
206.0,59.3032,27.073199999999996,75.39885201785454,0
207.0,59.3032,27.073199999999996,100,0
208.0,59.3032,27.073199999999996,100,0
209.0,59.625499999999995,27.073199999999996,75.38173750546204,0
210.01,59.625499999999995,27.073199999999996,100,0
212.0,59.947799999999994,27.073199999999996,75.36462299306434,0
213.0,59.947799999999994,27.073199999999996,100,0
215.0,60.27009999999999,27.073199999999996,75.34750848067183,0
216.0,60.27009999999999,27.073199999999996,100,0
217.0,60.5924,27.073199999999996,100,0
219.0,60.5924,27.073199999999996,75.33039396827414,0
220.0,60.914699999999996,27.073199999999996,76.5124060941555,0
221.0,60.914699999999996,27.073199999999996,100,0
222.0,60.914699999999996,27.073199999999996,100,0
223.0,60.914699999999996,27.073199999999996,100,0
224.0,61.236999999999995,27.3955,75.29616494348524,0
225.0,61.236999999999995,27.3955,100,0
226.0,61.236999999999995,27.3955,100,0
228.0,61.55929999999999,27.3955,75.27905043109014,0
229.0,61.55929999999999,27.3955,100,0
230.0,61.88159999999999,27.3955,75.26193591869503,0
231.0,61.88159999999999,27.3955,100,0
232.0,61.88159999999999,27.3955,100,0
234.0,62.2039,27.3955,75.24482140629864,0
235.0,62.2039,27.3955,100,0
236.0,62.2039,27.3955,100,0
237.0,62.526199999999996,27.3955,75.22770689390613,0
239.0,62.526199999999996,27.3955,100,0
240.0,62.848499999999994,27.3955,75.21059238150845,0
241.0,62.848499999999994,27.3955,100,0
243.0,62.848499999999994,27.3955,100,0
245.0,63.17079999999999,27.717799999999997,75.19347786911594,0
246.0,63.17079999999999,27.717799999999997,100,0
247.0,63.17079999999999,27.717799999999997,75.17636335671824,0
248.0,63.4931,27.717799999999997,100,0
249.0,63.4931,27.717799999999997,100,0
250.0,63.4931,27.717799999999997,100,0
251.0,63.8154,27.717799999999997,75.15924884432444,0
252.0,63.8154,27.717799999999997,100,0
253.0,63.8154,27.717799999999997,100,0
254.0,63.8154,27.717799999999997,75.14213433192934,0
255.0,64.1377,27.717799999999997,100,0
256.0,64.1377,27.717799999999997,100,0
257.0,64.1377,27.717799999999997,100,0
259.0,64.46,28.0401,75.12501981953423,0
260.0,64.46,27.717799999999997,100,0
261.0,64.46,27.717799999999997,100,0
262.0,64.78229999999999,28.0401,100,0
263.0,64.78229999999999,27.717799999999997,75.10790530713913,0
265.0,64.78229999999999,28.0401,100,0
266.0,65.10459999999999,28.0401,75.09079079474404,0
268.0,65.10459999999999,28.0401,100,0
269.0,65.10459999999999,28.0401,100,0
270.0,65.10459999999999,28.0401,75.07367628234894,0
271.0,65.42689999999999,28.0401,100,0
272.0,65.42689999999999,28.0401,100,0
274.0,65.42689999999999,28.0401,75.05656176995254,0
275.0,65.42689999999999,28.0401,100,0
276.0,65.7492,28.0401,100,0
277.0,65.7492,28.0401,100,0
278.0,65.7492,28.0401,100,0
280.0,65.7492,28.0401,75.03944725755873,0
281.0,66.0715,28.0401,100,0
282.01,66.0715,28.0401,100,0
284.0,66.3938,28.0401,75.02233274516364,0
285.0,66.3938,28.362399999999997,100,0
286.0,66.3938,28.362399999999997,100,0
288.0,66.3938,28.362399999999997,100,0
289.0,66.7161,28.362399999999997,75.00521823276854,0
290.0,66.7161,28.362399999999997,100,0
291.0,66.7161,28.362399999999997,100,0
292.0,67.0384,28.362399999999997,100,0
294.0,67.0384,28.362399999999997,74.98810372037343,0
295.0,67.0384,28.362399999999997,100,0
297.0,67.3607,28.362399999999997,74.97098920797833,0
298.0,67.3607,28.362399999999997,100,0
299.0,67.3607,28.362399999999997,100,0
300.0,67.3607,28.362399999999997,100,0
301.0,67.3607,28.362399999999997,100,0
303.0,67.68299999999999,28.362399999999997,74.95387469558324,0
304.0,67.68299999999999,28.362399999999997,100,0
305.0,67.68299999999999,28.362399999999997,100,0
306.0,67.68299999999999,28.362399999999997,100,0
307.0,68.00529999999999,28.362399999999997,74.93676018318814,0
309.0,68.00529999999999,28.6847,100,0
310.0,68.00529999999999,28.362399999999997,100,0
311.0,68.00529999999999,28.6847,100,0
312.0,68.32759999999999,28.6847,100,0
313.0,68.32759999999999,28.6847,74.91964567079305,0
315.0,68.32759999999999,28.362399999999997,100,0
316.0,68.32759999999999,28.6847,100,0
317.0,68.32759999999999,28.6847,100,0
319.0,68.64989999999999,28.6847,74.90253115839795,0
320.0,68.64989999999999,28.6847,100,0
321.0,68.64989999999999,28.6847,100,0
322.0,68.64989999999999,28.6847,100,0
323.0,68.64989999999999,28.6847,74.88541664600154,0
325.0,68.9722,28.6847,100,0
326.0,68.9722,28.6847,100,0
327.0,68.9722,28.6847,100,0
329.0,69.2945,28.6847,74.86830213360774,0
330.0,69.2945,28.6847,100,0
331.0,69.2945,28.6847,100,0
332.0,69.2945,28.6847,100,0
333.0,69.2945,28.6847,100,0
334.01,69.2945,28.6847,100,0
336.0,69.6168,28.6847,74.85118762121263,0
337.0,69.6168,28.6847,100,0
339.0,69.6168,28.6847,100,0
340.0,69.6168,29.006999999999998,100,0
341.0,69.9391,28.6847,74.83407310881753,0
342.0,69.9391,29.006999999999998,100,0
343.0,69.9391,29.006999999999998,100,0
345.0,69.9391,29.006999999999998,100,0
346.0,69.9391,29.006999999999998,100,0
347.0,70.2614,29.006999999999998,74.81695859642244,0
349.0,70.2614,29.006999999999998,100,0
350.0,70.2614,29.006999999999998,100,0
351.0,70.2614,29.006999999999998,100,0
352.0,70.2614,29.006999999999998,100,0
353.0,70.2614,29.006999999999998,74.79984408402734,0
355.0,70.5837,29.006999999999998,100,0
356.0,70.5837,29.006999999999998,100,0
357.0,70.5837,29.006999999999998,100,0
358.0,70.5837,29.006999999999998,100,0
359.0,70.5837,29.006999999999998,100,0
361.0,70.5837,29.006999999999998,74.78272957163225,0
362.0,70.90599999999999,29.006999999999998,100,0
363.0,70.90599999999999,29.006999999999998,100,0
365.0,70.90599999999999,29.006999999999998,100,0
366.0,70.90599999999999,29.006999999999998,100,0
367.0,70.90599999999999,29.006999999999998,74.76561505923715,0
368.0,70.90599999999999,29.329299999999996,100,0
369.0,71.22829999999999,29.006999999999998,48.89688238923726,0
370.0,71.22829999999999,29.006999999999998,78.94848578847414,0
371.0,71.22829999999999,29.006999999999998,83.13135651771114,0
372.0,71.22829999999999,29.006999999999998,87.31422724694814,0
374.0,71.22829999999999,29.329299999999996,91.49709797618513,0
375.0,71.22829999999999,29.006999999999998,95.67996870542213,0
376.0,71.22829999999999,29.006999999999998,70.42846925226416,0
377.0,71.22829999999999,29.329299999999996,100,0
378.0,71.55059999999999,29.006999999999998,100,0
380.0,71.55059999999999,29.006999999999998,48.879767876842166,0
381.0,71.55059999999999,29.006999999999998,78.91425676368395,0
383.0,71.55059999999999,29.006999999999998,83.08001298052585,0
384.02,71.55059999999999,29.329299999999996,87.24576919736775,0
385.0,71.55059999999999,29.006999999999998,91.41152541420965,0
387.0,71.55059999999999,29.329299999999996,95.57728163105155,0
388.0,71.55059999999999,29.329299999999996,99.74303784789345,0
389.0,71.55059999999999,29.329299999999996,100,0
391.0,71.55059999999999,29.329299999999996,100,0
392.0,71.55059999999999,29.006999999999998,100,0
393.0,71.8729,29.329299999999996,100,0
394.0,71.8729,29.329299999999996,100,0
395.0,71.8729,29.329299999999996,74.73138603444565,0
396.0,71.8729,29.329299999999996,100,0
397.0,71.55059999999999,29.329299999999996,48.862653364444625,0
398.0,71.8729,29.329299999999996,78.88002773889245,0
399.01,71.8729,29.329299999999996,83.02866944333925,0
401.0,71.8729,29.329299999999996,87.17731114778606,0
402.0,71.8729,29.329299999999996,91.32595285223286,0
403.0,71.8729,29.329299999999996,95.47459455667966,0
404.0,71.8729,29.329299999999996,99.62323626112646,0
406.0,71.8729,29.329299999999996,100,0
407.0,71.8729,29.329299999999996,100,0
408.0,71.8729,29.329299999999996,100,0
409.0,71.8729,29.329299999999996,100,0
410.0,71.8729,29.329299999999996,100,0
411.01,72.1952,29.329299999999996,74.71427152205185,0
412.01,72.1952,29.329299999999996,100,0
413.0,72.1952,29.329299999999996,48.845538852051966,0
415.0,72.1952,29.329299999999996,78.84579871410355,0
416.0,72.1952,29.329299999999996,82.97732590615526,0
418.0,72.1952,29.329299999999996,87.10885309820696,0
419.0,72.1952,29.329299999999996,91.24038029025867,0
420.0,72.1952,29.329299999999996,95.37190748231038,0
422.0,72.1952,29.329299999999996,99.50343467436208,0
423.0,72.1952,29.329299999999996,100,0
424.0,72.1952,29.329299999999996,100,0
426.0,72.1952,29.329299999999996,100,0
427.0,72.1952,29.329299999999996,100,0
428.0,72.1952,29.329299999999996,100,0
429.0,72.1952,29.329299999999996,100,0
430.0,72.1952,29.329299999999996,100,0
432.0,72.5175,29.329299999999996,74.69715700965673,0
433.0,72.5175,29.329299999999996,100,0
434.0,72.5175,29.329299999999996,100,0
436.0,72.5175,29.6516,48.82842433965686,0
437.0,72.5175,29.329299999999996,78.81156968931334,0
438.0,72.5175,29.329299999999996,82.92598236896995,0
440.0,72.5175,29.329299999999996,87.04039504862655,0
441.0,72.5175,29.329299999999996,91.15480772828315,0
442.0,72.5175,29.329299999999996,95.26922040793974,0
443.0,72.5175,29.329299999999996,99.38363308759634,0
444.0,72.5175,29.329299999999996,100,0
446.0,72.5175,29.329299999999996,100,0
447.0,72.5175,29.329299999999996,74.68004249726164,0
448.0,72.5175,29.329299999999996,100,0
449.0,72.8398,29.329299999999996,48.81130982726177,0
450.01,72.8398,29.329299999999996,78.77734066452315,0
451.0,72.8398,29.329299999999996,100,0
453.0,72.8398,29.329299999999996,48.81130982726177,0
454.0,72.8398,29.329299999999996,78.77734066452315,0
456.0,72.8398,29.6516,82.87463883178465,0
457.0,72.8398,29.329299999999996,86.97193699904615,0
458.0,72.8398,29.6516,91.06923516630765,0
459.0,72.8398,29.329299999999996,95.16653333356915,0
460.0,72.8398,29.329299999999996,99.26383150083065,0
462.01,72.8398,29.329299999999996,100,0
464.0,72.8398,29.329299999999996,100,0
465.0,72.8398,29.329299999999996,100,0
466.0,72.8398,29.329299999999996,100,0
467.0,72.8398,29.6516,100,0
468.0,72.8398,29.6516,100,0
469.0,72.8398,29.329299999999996,100,0
470.0,72.8398,29.329299999999996,100,0
472.0,72.8398,29.329299999999996,74.66292798486654,0
473.0,73.1621,29.6516,100,0
474.0,72.8398,29.6516,100,0
475.0,73.1621,29.6516,48.79419531486666,0
476.0,73.1621,29.6516,78.74311163973294,0
478.0,73.1621,29.329299999999996,82.82329529459935,0
479.0,73.1621,29.6516,86.90347894946575,0
480.0,73.1621,29.6516,90.98366260433215,0
481.0,73.1621,29.6516,95.06384625919856,0
482.0,73.1621,29.6516,99.14402991406496,0
484.0,73.1621,29.6516,100,0
485.0,73.1621,29.6516,100,0
486.0,73.1621,29.6516,100,0
488.0,73.1621,29.6516,74.64581347247145,0
489.0,73.1621,29.329299999999996,100,0
490.0,73.1621,29.6516,78.21145098486653,0
491.0,73.1621,29.6516,82.29163463973293,0
492.0,73.1621,29.6516,86.37181829459934,0
493.0,73.1621,29.6516,61.01763176707078,0
495.0,73.1621,29.6516,100,0
496.0,73.4844,29.6516,48.77708080247157,0
498.0,73.1621,29.6516,100,0
499.0,73.1621,29.6516,78.21145098486653,0
500.0,73.4844,29.6516,82.29163463973293,0
502.0,73.1621,29.6516,86.37181829459934,0
503.0,73.1621,29.6516,90.45200194946574,0
504.0,73.1621,29.6516,94.53218560433214,0
506.0,73.1621,29.6516,98.61236925919854,0
507.0,73.1621,29.6516,100,0
508.0,73.1621,29.6516,100,0
509.0,73.1621,29.6516,100,0
510.0,73.1621,29.6516,100,0
512.0,73.1621,29.6516,100,0
514.0,73.1621,29.6516,100,0
516.0,73.1621,29.6516,100,0
517.0,73.1621,29.6516,100,0
518.0,73.1621,29.6516,100,0
519.0,73.4844,29.6516,100,0
520.0,73.4844,29.6516,74.64581347247145,0
521.0,73.4844,29.6516,100,0
522.0,73.1621,29.6516,100,0
524.0,73.4844,29.6516,100,0
525.0,73.4844,29.6516,100,0
526.0,73.4844,29.6516,100,0
527.0,73.4844,29.329299999999996,100,0
528.0,73.80669999999999,29.6516,100,0
530.0,73.4844,29.6516,100,0
531.0,73.4844,29.6516,100,0
532.0,73.4844,29.6516,100,0
534.0,73.80669999999999,29.6516,74.62869896007635,0
535.0,73.80669999999999,29.6516,100,0
536.0,73.80669999999999,29.6516,100,0
537.0,73.80669999999999,29.6516,100,0
538.0,73.80669999999999,29.6516,100,0
539.0,73.80669999999999,29.6516,100,0
541.0,74.12899999999999,29.6516,100,0
542.0,74.12899999999999,29.6516,74.61158444768125,0
544.0,74.12899999999999,29.6516,100,0
545.0,74.12899999999999,29.6516,100,0
546.0,74.12899999999999,29.6516,100,0
548.0,74.12899999999999,29.6516,100,0
549.0,74.12899999999999,29.6516,100,0
550.0,74.12899999999999,29.6516,74.59446993528614,0
552.0,74.12899999999999,29.6516,100,0
553.0,74.12899999999999,29.6516,78.16010744768123,0
554.0,74.45129999999999,29.6516,82.18894756536233,0
556.0,74.45129999999999,29.6516,56.78341750064847,0
557.0,74.45129999999999,29.6516,86.66387577593434,0
558.0,74.45129999999999,29.6516,90.67560138122035,0
559.0,74.45129999999999,29.6516,94.68732698650635,0
560.0,74.45129999999999,29.6516,98.69905259179235,0
561.0,74.45129999999999,29.6516,100,0
563.0,74.45129999999999,29.6516,100,0
564.0,74.45129999999999,29.6516,100,0
566.0,74.45129999999999,29.6516,100,0
567.0,74.45129999999999,29.6516,100,0
568.0,74.45129999999999,29.6516,100,0
570.0,74.45129999999999,29.6516,100,0
571.0,74.45129999999999,29.6516,100,0
572.0,74.45129999999999,29.6516,100,0
573.0,74.45129999999999,29.6516,100,0
574.0,74.45129999999999,29.6516,100,0
576.0,74.77359999999999,29.6516,100,0
577.0,74.77359999999999,29.973899999999997,74.57735542289105,0
578.0,74.77359999999999,29.6516,100,0
579.0,74.77359999999999,29.6516,100,0
580.0,74.77359999999999,29.6516,100,0
581.0,74.77359999999999,29.6516,100,0
583.0,74.77359999999999,29.973899999999997,100,0
584.0,74.77359999999999,29.973899999999997,100,0
585.0,74.77359999999999,29.6516,100,0
586.0,74.77359999999999,29.6516,100,0
588.0,74.77359999999999,29.6516,74.56024091049464,0
589.0,75.0959,29.6516,100,0
590.0,75.0959,29.6516,100,0
591.0,75.0959,29.973899999999997,100,0
592.0,75.0959,29.6516,100,0
594.0,75.0959,29.973899999999997,100,0
595.0,75.0959,29.973899999999997,100,0
596.0,75.0959,29.973899999999997,100,0
598.0,75.0959,29.6516,100,0
599.0,75.4182,29.6516,74.54312639810084,0
600.0,75.4182,29.973899999999997,100,0
602.0,75.4182,29.973899999999997,100,0
603.0,75.4182,29.973899999999997,100,0
604.0,75.4182,29.973899999999997,100,0
606.0,75.4182,29.973899999999997,100,0
607.0,75.4182,29.973899999999997,100,0
608.0,75.4182,29.973899999999997,100,0
610.0,75.4182,29.973899999999997,100,0
611.0,75.4182,29.973899999999997,100,0
612.0,75.7405,29.973899999999997,100,0
613.0,75.7405,29.973899999999997,74.52601188570574,0
614.0,75.7405,29.973899999999997,100,0
616.0,75.7405,29.973899999999997,100,0
617.0,75.7405,29.973899999999997,100,0
618.0,75.7405,29.973899999999997,100,0
619.0,75.7405,29.973899999999997,100,0
620.0,75.7405,29.973899999999997,100,0
622.01,76.0628,29.973899999999997,100,0
623.0,76.0628,29.973899999999997,74.50889737331065,0
624.0,76.0628,29.973899999999997,100,0
625.0,75.7405,29.973899999999997,78.07453488570573,0
626.0,75.7405,29.973899999999997,52.58343225901638,0
628.0,76.0628,29.973899999999997,82.37831797232676,0
629.0,76.0628,29.973899999999997,86.30447101563726,0
630.0,76.0628,29.973899999999997,90.23062405894777,0
632.0,76.0628,29.973899999999997,94.15677710225827,0
633.0,76.0628,29.973899999999997,100,0
634.0,76.0628,29.973899999999997,48.64016470331077,0
635.0,76.0628,29.973899999999997,78.43505041662115,0
636.0,76.0628,29.973899999999997,82.36120345993166,0
638.0,75.7405,29.973899999999997,86.28735650324217,0
639.0,75.7405,29.973899999999997,100,0
640.0,75.7405,29.973899999999997,78.07453488570573,0
641.0,75.7405,29.973899999999997,82.01780244141133,0
642.0,75.7405,29.973899999999997,85.96106999711694,0
644.0,75.7405,29.973899999999997,89.90433755282254,0
645.0,75.7405,29.973899999999997,93.84760510852814,0
646.0,75.7405,29.973899999999997,97.79087266423375,0
647.0,75.7405,29.973899999999997,100,0
648.0,75.7405,29.973899999999997,100,0
649.01,75.7405,29.973899999999997,100,0
651.0,75.7405,29.973899999999997,100,0
652.0,75.7405,29.973899999999997,100,0
653.0,75.7405,29.973899999999997,100,0
654.0,75.7405,29.973899999999997,100,0
655.0,75.7405,29.973899999999997,100,0
657.0,75.7405,29.973899999999997,100,0
658.0,75.7405,29.973899999999997,100,0
659.0,75.7405,29.973899999999997,100,0
660.0,75.7405,29.973899999999997,100,0
661.0,75.7405,29.973899999999997,100,0
663.0,75.7405,29.973899999999997,100,0
664.0,75.7405,29.973899999999997,100,0
665.0,75.7405,29.973899999999997,100,0
666.01,75.7405,29.973899999999997,100,0
667.0,75.7405,29.973899999999997,100,0
670.0,76.0628,29.973899999999997,100,0
671.0,76.0628,29.973899999999997,100,0
672.0,76.0628,29.973899999999997,74.50889737331065,0
673.0,76.0628,29.973899999999997,100,0
674.0,76.0628,29.973899999999997,100,0
676.0,76.0628,29.973899999999997,100,0
677.0,76.0628,29.973899999999997,100,0
678.0,76.0628,29.973899999999997,100,0
679.0,76.0628,29.973899999999997,100,0
680.0,76.0628,29.973899999999997,100,0
682.0,76.0628,29.973899999999997,100,0
683.0,76.3851,29.973899999999997,100,0
684.0,76.3851,29.973899999999997,74.49178286091555,0
686.0,76.3851,29.973899999999997,100,0
687.0,76.0628,29.973899999999997,100,0
688.0,76.3851,29.973899999999997,100,0
689.0,76.3851,29.973899999999997,100,0
690.0,76.3851,29.973899999999997,100,0
692.0,76.3851,29.973899999999997,100,0
693.0,76.3851,29.973899999999997,100,0
694.0,76.3851,29.973899999999997,100,0
695.0,76.3851,29.973899999999997,100,0
696.0,76.3851,29.973899999999997,100,0
698.0,76.3851,29.973899999999997,100,0
699.0,76.3851,29.973899999999997,100,0
700.0,76.70739999999999,29.973899999999997,100,0
701.0,76.3851,29.973899999999997,100,0
702.0,76.3851,29.973899999999997,100,0
704.0,76.70739999999999,29.973899999999997,74.47466834852045,0
705.0,76.70739999999999,29.973899999999997,100,0
706.0,76.70739999999999,29.973899999999997,100,0
708.0,76.70739999999999,29.973899999999997,100,0
709.0,76.70739999999999,29.973899999999997,100,0
710.0,76.70739999999999,29.973899999999997,100,0
711.0,76.70739999999999,29.973899999999997,100,0
712.01,76.70739999999999,29.973899999999997,100,0
714.0,76.70739999999999,29.973899999999997,100,0
716.0,76.70739999999999,29.973899999999997,100,0
717.0,77.02969999999999,30.2962,100,0
718.0,76.70739999999999,30.2962,100,0
719.0,76.70739999999999,30.2962,74.45755383612534,0
720.0,77.02969999999999,30.2962,100,0
721.0,77.02969999999999,29.973899999999997,100,0
722.0,77.02969999999999,30.2962,48.58882116612546,0
724.0,77.02969999999999,29.973899999999997,78.33236334225055,0
725.0,76.70739999999999,30.2962,82.20717284837575,0
726.0,77.02969999999999,30.2962,86.08198235450095,0
727.0,77.02969999999999,29.973899999999997,89.95679186062615,0
728.0,77.02969999999999,29.973899999999997,93.83160136675136,0
729.0,77.02969999999999,30.2962,97.70641087287656,0
731.0,77.02969999999999,30.2962,100,0
732.0,76.70739999999999,30.2962,48.58882116612546,0
733.0,77.02969999999999,29.973899999999997,78.33236334225055,0
734.0,76.70739999999999,29.973899999999997,100,0
736.0,76.70739999999999,29.973899999999997,78.02319134852043,0
737.0,76.70739999999999,30.2962,81.91511536704073,0
738.0,76.70739999999999,29.973899999999997,85.80703938556103,0
739.0,76.70739999999999,30.2962,89.69896340408133,0
740.0,76.70739999999999,29.973899999999997,93.59088742260163,0
741.01,76.70739999999999,30.2962,97.48281144112192,0
743.0,76.70739999999999,29.973899999999997,100,0
744.0,76.70739999999999,30.2962,100,0
746.0,76.70739999999999,30.2962,100,0
747.0,76.70739999999999,30.2962,100,0
748.0,76.70739999999999,30.2962,100,0
749.0,76.70739999999999,30.2962,100,0
750.0,76.70739999999999,29.973899999999997,100,0
751.0,76.70739999999999,30.2962,100,0
753.0,76.70739999999999,29.973899999999997,100,0
754.0,76.70739999999999,29.973899999999997,100,0
756.0,76.70739999999999,30.2962,100,0
757.0,76.70739999999999,30.2962,100,0
758.0,76.70739999999999,29.973899999999997,100,0
759.0,76.70739999999999,30.2962,100,0
760.0,76.70739999999999,29.973899999999997,100,0
762.0,76.70739999999999,30.2962,100,0
763.0,76.70739999999999,29.973899999999997,100,0
764.0,76.70739999999999,30.2962,100,0
766.0,77.02969999999999,30.2962,100,0
767.0,76.70739999999999,30.2962,100,0
768.0,76.70739999999999,30.2962,100,0
769.0,76.70739999999999,29.973899999999997,74.45755383612534,0
770.0,76.70739999999999,30.2962,100,0
771.0,77.02969999999999,30.2962,48.58882116612546,0
773.0,77.02969999999999,29.973899999999997,100,0
774.0,77.02969999999999,30.2962,48.58882116612546,0
776.0,76.70739999999999,30.2962,100,0
777.0,76.70739999999999,29.973899999999997,78.02319134852043,0
778.0,76.70739999999999,29.973899999999997,81.91511536704073,0
779.0,76.70739999999999,30.2962,85.80703938556103,0
780.0,76.70739999999999,30.2962,89.69896340408133,0
781.01,76.70739999999999,29.973899999999997,93.59088742260163,0
783.0,76.70739999999999,30.2962,97.48281144112192,0
784.0,76.70739999999999,29.973899999999997,100,0
786.0,76.70739999999999,30.2962,100,0
787.0,76.70739999999999,29.973899999999997,100,0
788.0,76.70739999999999,30.2962,100,0
790.0,76.70739999999999,30.2962,100,0
791.0,76.70739999999999,30.2962,100,0
792.0,76.3851,30.2962,100,0
793.0,76.70739999999999,30.2962,100,0
794.0,76.70739999999999,30.2962,100,0
796.0,76.70739999999999,29.973899999999997,100,0
797.0,76.70739999999999,29.973899999999997,100,0
798.0,76.70739999999999,30.2962,48.60593567852057,0
800.0,76.3851,29.973899999999997,0,0
801.0,76.70739999999999,30.2962,100,0
802.0,76.3851,29.973899999999997,72.73018721521282,0
804.0,76.3851,29.973899999999997,71.32910710042552,0
805.0,76.3851,30.2962,69.92802698563821,0
806.0,76.3851,29.973899999999997,68.5269468708509,0
807.0,76.3851,30.2962,67.1258667560636,0
808.0,76.3851,29.973899999999997,65.7247866412763,0
809.01,76.0628,29.973899999999997,64.32370652648899,0
811.0,76.0628,29.973899999999997,92.35699659409664,0
812.0,76.0628,30.2962,65.10429832170456,0
814.0,76.0628,29.973899999999997,63.72033271931235,0
815.0,76.0628,29.973899999999997,91.7707372993151,0
816.0,75.7405,29.973899999999997,64.53515353931812,0
817.0,75.7405,30.2962,63.16830244932101,0
818.0,75.7405,29.973899999999997,61.801451359323906,0
820.0,75.4182,29.973899999999997,89.86897045172176,0
821.0,75.4182,29.973899999999997,62.65050120411988,0
822.0,75.4182,29.973899999999997,61.30076462651787,0
823.0,75.4182,29.973899999999997,59.95102804891586,0
824.0,75.4182,29.973899999999997,58.60129147131385,0
825.0,75.0959,30.2962,86.6859250761068,0
827.0,75.0959,29.973899999999997,59.484570340900014,0
828.0,75.0959,29.973899999999997,58.15194827569311,0
829.0,75.0959,29.973899999999997,86.25369639288246,0
830.01,74.77359999999999,29.973899999999997,59.069456170069635,0
831.01,74.77359999999999,29.973899999999997,57.75394861725783,0
833.0,74.45129999999999,29.973899999999997,56.43844106444602,0
834.0,74.45129999999999,29.973899999999997,84.55730369402917,0
835.01,74.45129999999999,29.973899999999997,57.39017798361259,0
836.0,74.45129999999999,29.973899999999997,56.09178494319588,0
837.0,74.12899999999999,29.973899999999997,84.22776208517413,0
839.0,74.12899999999999,29.973899999999997,57.07775088715265,0
840.0,74.12899999999999,29.973899999999997,55.796472359131045,0
842.0,73.80669999999999,29.973899999999997,83.9495640135044,0
843.0,73.80669999999999,29.973899999999997,56.81666732787802,0
844.0,73.4844,29.973899999999997,55.55250331225152,0
845.0,73.4844,29.973899999999997,83.72270947901997,0
846.0,73.4844,29.6516,56.60692730578869,0
848.0,73.4844,29.6516,55.35987780255728,0
849.0,73.1621,29.6516,54.11282829932587,0
850.0,73.1621,29.6516,82.30014897848942,0
851.0,73.1621,29.6516,55.20148131765323,0
852.0,72.8398,29.6516,53.97154632681693,0
853.0,72.8398,29.6516,82.17598151837558,0
855.0,72.8398,29.6516,55.09442836993449,0
856.0,72.5175,29.6516,53.88160789149328,0
858.0,72.5175,29.6516,82.10315759544703,0
859.0,72.5175,29.6516,55.038718959401045,0
860.0,72.5175,29.6516,83.27738317574989,0
861.0,72.1952,29.6516,56.23005905209901,0
862.0,72.1952,29.6516,55.051467598448,0
864.0,71.8729,29.6516,83.30724632719195,0
865.0,71.8729,29.6516,56.27703671593616,0
866.0,71.8729,29.6516,55.11555977468026,0
868.0,71.55059999999999,29.6516,83.3884530158206,0
869.0,71.55059999999999,29.6516,56.37535791695878,0
870.0,71.55059999999999,29.6516,55.23099548809797,0
871.0,71.55059999999999,29.329299999999996,83.52100324163212,0
872.0,71.22829999999999,29.329299999999996,56.52502265516654,0
874.0,71.22829999999999,29.329299999999996,55.39777473870083,0
875.0,70.90599999999999,29.329299999999996,83.70489700463008,0
876.0,70.90599999999999,29.329299999999996,56.7260309305596,0
878.0,70.90599999999999,29.329299999999996,55.61589752648899,0
879.0,70.90599999999999,29.329299999999996,54.505764122418384,0
880.0,70.5837,29.329299999999996,82.83000090074273,0
881.0,70.5837,29.329299999999996,55.86824933906735,0
883.0,70.2614,29.329299999999996,54.77523044739184,0
884.0,70.2614,29.329299999999996,83.1165817381113,0
886.0,70.2614,29.329299999999996,56.171944688831005,0
887.0,70.2614,29.006999999999998,84.53041049194556,0
888.0,69.9391,29.329299999999996,57.602887955060375,0
889.0,69.9391,29.329299999999996,56.54409808817507,0
890.0,69.9391,29.329299999999996,55.48530822128976,0
891.01,69.9391,29.329299999999996,54.42651835440446,0
893.0,69.6168,29.329299999999996,82.8020986699141,0
894.0,69.6168,29.006999999999998,55.89169064542402,0
896.0,69.6168,29.006999999999998,84.28438547332877,0
897.0,69.2945,29.329299999999996,57.39109196123378,0
898.0,69.2945,29.006999999999998,56.36653111913867,0
899.0,69.2945,29.006999999999998,55.34197027704356,0
900.0,68.9722,29.006999999999998,54.317409434948445,0
902.0,68.9722,29.006999999999998,82.72721877524829,0
903.0,68.9722,29.006999999999998,55.8510397755484,0
904.0,68.9722,29.006999999999998,54.84359344584839,0
905.0,68.9722,29.006999999999998,83.27051729854463,0
906.0,68.64989999999999,29.006999999999998,56.4114528112387,0
907.0,68.64989999999999,29.006999999999998,55.4211209939338,0
909.0,68.32759999999999,29.006999999999998,54.43078917662889,0
910.0,68.32759999999999,29.006999999999998,82.87482754171894,0
911.0,68.32759999999999,29.006999999999998,56.03287756680926,0
912.0,68.32759999999999,29.006999999999998,55.05966026189945,0
913.0,68.32759999999999,29.006999999999998,54.08644295698964,0
915.0,68.00529999999999,29.006999999999998,82.54759583447479,0
916.0,68.00529999999999,29.006999999999998,55.722760371960206,0
917.0,68.00529999999999,28.6847,54.76665757944549,0
918.0,68.00529999999999,28.6847,53.81055478693078,0
920.0,67.68299999999999,28.6847,82.28882217681104,0
921.01,67.68299999999999,28.6847,55.48110122669155,0
922.0,67.68299999999999,28.6847,54.54211294657194,0
924.0,67.3607,28.6847,83.03749484884729,0
925.0,67.3607,28.6847,56.2468884111229,0
926.0,67.3607,28.6847,55.32501464339839,0
927.0,67.0384,28.6847,54.40314087567388,0
928.01,67.0384,28.6847,82.91563729034434,0
930.0,67.0384,28.6847,56.14214536501505,0
931.0,67.0384,28.6847,55.23738610968564,0
932.0,67.0384,28.6847,54.33262685435623,0
934.0,66.7161,28.6847,82.86223778142178,0
935.0,66.7161,28.6847,56.1058603684876,0
936.0,66.7161,28.6847,55.218215625553285,0
938.0,66.3938,28.6847,83.76494106501393,0
939.0,66.3938,28.6847,57.02567816447484,0
940.0,66.3938,28.6847,56.15514793393563,0
941.0,66.3938,28.6847,55.28461770339642,0
942.0,66.3938,28.6847,54.41408747285721,0
943.01,66.3938,28.6847,82.97792742471296,0
945.0,66.0715,28.362399999999997,56.25577903656897,0
946.0,66.0715,28.6847,55.402363318424854,0
947.0,66.0715,28.6847,54.54894760028074,0
948.0,66.0715,28.6847,53.69553188213663,0
949.0,65.7492,28.6847,52.842116163992515,0
951.0,65.7492,28.362399999999997,81.42307062824337,0
952.0,65.7492,28.362399999999997,54.71803675249448,0
953.0,65.7492,28.6847,53.88173554674547,0
954.0,65.7492,28.362399999999997,82.47980452339272,0
955.0,65.42689999999999,28.362399999999997,55.79188516003779,0
957.0,65.42689999999999,28.362399999999997,54.97269846668388,0
958.0,65.42689999999999,28.362399999999997,54.15351177332997,0
960.0,65.42689999999999,28.362399999999997,53.334325079976054,0
961.0,65.42689999999999,28.362399999999997,81.9495085690171,0
962.0,65.10459999999999,28.362399999999997,55.27870371805841,0
963.0,65.10459999999999,28.362399999999997,54.4766315370996,0
964.0,65.10459999999999,28.362399999999997,53.67455935614079,0
966.0,65.10459999999999,28.362399999999997,52.87248717518198,0
967.0,64.78229999999999,28.362399999999997,81.50478517661813,0
968.0,64.78229999999999,28.362399999999997,54.851094838054536,0
970.0,64.78229999999999,28.362399999999997,54.06613716949082,0
971.0,64.78229999999999,28.362399999999997,53.28117950092711,0
972.0,64.78229999999999,28.362399999999997,81.93059201475836,0
973.0,64.46,28.362399999999997,55.29401618858987,0
974.0,64.46,28.362399999999997,54.52617303242126,0
975.01,64.46,28.362399999999997,53.75832987625265,0
977.0,64.46,28.0401,52.99048672008404,0
978.0,64.1377,28.362399999999997,52.22264356391543,0
980.0,64.1377,28.362399999999997,80.88917059014179,0
981.0,64.1377,28.0401,54.2697092763684,0
982.0,64.1377,28.362399999999997,53.51898063259489,0
984.0,63.8154,28.0401,82.20262217121633,0
985.0,63.8154,28.0401,55.600275369838045,0
986.0,63.8154,28.0401,54.866661238459635,0
988.0,63.8154,28.0401,83.56741728947618,0
989.0,63.4931,28.0401,56.98218500049299,0
990.0,63.8154,28.0401,56.26568538150968,0
991.0,63.4931,28.0401,55.54918576252636,0
993.0,63.4931,28.0401,54.83268614354305,0
994.0,63.4931,28.0401,54.11618652455974,0
995.0,63.4931,28.0401,53.399686905576424,0
996.0,63.4931,28.0401,52.68318728659311,0
997.0,63.17079999999999,28.0401,81.4010578500054,0
999.0,63.17079999999999,28.0401,54.83294007341674,0
1000.0,63.17079999999999,28.0401,54.13355496682853,0
1001.0,63.17079999999999,28.0401,53.43416986024032,0
1002.0,63.17079999999999,28.0401,52.73478475365211,0
1003.01,62.848499999999994,28.0401,81.46976982945885,0
1005.0,62.848499999999994,28.0401,54.91876656526586,0
1006.0,62.848499999999994,28.0401,54.23649597107275,0
1008.0,62.848499999999994,28.0401,53.554225376879636,0
1009.0,62.848499999999994,28.0401,52.87195478268652,0
1010.0,62.526199999999996,28.0401,52.18968418849341,0
1011.0,62.526199999999996,28.0401,80.94178377669525,0
1012.0,62.526199999999996,28.0401,24.9735248425024,0
1013.0,62.526199999999996,28.0401,79.59435710070412,0
1016.0,62.526199999999996,28.0401,53.06046834890623,0
1017.0,62.526199999999996,28.0401,52.39531226710822,0
1018.0,62.526199999999996,28.0401,51.73015618531021,0
1019.0,62.526199999999996,27.717799999999997,51.0650001035122,0
1020.0,62.2039,27.717799999999997,79.83421420410914,0
1021.0,62.2039,27.717799999999997,53.31743996470635,0
1022.0,62.2039,27.717799999999997,52.66939839530344,0
1023.0,62.2039,28.0401,52.021356825900526,0
1025.0,62.2039,27.717799999999997,51.37331525649761,0
1026.0,62.2039,27.717799999999997,50.7252736870947,0
1027.0,62.2039,28.0401,50.077232117691786,0
1029.0,61.88159999999999,27.717799999999997,49.42919054828887,0
1030.0,61.88159999999999,27.717799999999997,78.21551916128158,0
1031.0,61.88159999999999,27.717799999999997,51.71585943427331,0
1032.0,61.88159999999999,27.717799999999997,51.0849323772655,0
1033.0,61.88159999999999,27.717799999999997,79.88837550265265,0
1034.0,61.88159999999999,27.717799999999997,23.971460105645093,0
1036.0,61.88159999999999,27.717799999999997,78.64363590103213,0
1037.0,61.55929999999999,27.717799999999997,52.16109068641954,0
1039.0,61.55929999999999,27.717799999999997,51.54727814180683,0
1040.0,61.55929999999999,27.717799999999997,50.933465597194115,0
1041.0,61.55929999999999,27.717799999999997,79.75402323497636,0
1042.0,61.236999999999995,27.717799999999997,53.28859253275887,0
1043.0,61.236999999999995,27.717799999999997,52.69189450054126,0
1044.0,61.236999999999995,27.717799999999997,52.09519646832365,0
1046.0,61.236999999999995,27.717799999999997,51.49849843610604,0
1047.0,61.236999999999995,27.717799999999997,80.33617058628339,0
1049.0,60.914699999999996,27.717799999999997,53.887854396460995,0
1050.0,60.914699999999996,27.717799999999997,53.30827087663848,0
1051.0,60.914699999999996,27.717799999999997,52.72868735681597,0
1053.0,60.914699999999996,27.717799999999997,52.149103836993454,0
1054.0,60.914699999999996,27.717799999999997,51.56952031717094,0
1055.0,60.5924,27.717799999999997,50.98993679734843,0
1056.0,60.5924,27.717799999999997,79.84472345992087,0
1057.0,60.5924,27.717799999999997,23.979151600098618,0
1058.0,60.5924,27.3955,78.70267093267094,0
1060.0,60.5924,27.717799999999997,52.271469255243645,0
1061.0,60.5924,27.717799999999997,51.70900024781623,0
1062.0,60.5924,27.717799999999997,80.58090142278442,0
1063.0,60.5924,27.717799999999997,54.16681425775165,0
1064.0,60.5924,27.717799999999997,24.18708958032373,0
1066.0,60.27009999999999,27.3955,78.92772342529237,0
1067.0,60.27009999999999,27.717799999999997,52.5136362602596,0
1069.0,60.27009999999999,27.717799999999997,51.96828176522729,0
1070.0,60.27009999999999,27.3955,51.422927270194975,0
1071.0,60.27009999999999,27.3955,80.31194295755762,0
1072.0,59.947799999999994,27.3955,24.480600122525566,0
1073.0,59.947799999999994,27.717799999999997,49.80397829749313,0
1074.0,59.947799999999994,27.3955,78.69299398485578,0
1076.0,59.947799999999994,27.3955,52.296021332218686,0
1077.0,59.947799999999994,27.3955,51.76778134958147,0
1079.0,59.947799999999994,27.3955,51.23954136694425,0
1080.0,59.947799999999994,27.3955,80.14567156670199,0
1081.0,59.625499999999995,27.3955,53.76581342646,0
1082.0,59.625499999999995,27.3955,53.254687956217886,0
1083.0,59.625499999999995,27.3955,52.74356248597577,0
1084.0,59.625499999999995,27.3955,52.23243701573366,0
1086.0,59.625499999999995,27.3955,51.721311545491545,0
1087.0,59.625499999999995,27.3955,51.21018607524943,0
1089.0,59.3032,27.3955,80.13343078740228,0
1090.0,59.3032,27.3955,24.336316977160422,0
1091.0,59.3032,27.3955,79.12829435931314,0
1092.0,59.3032,27.3955,52.765550731466256,0
1093.0,59.3032,27.3955,52.27153977361924,0
1094.01,59.3032,27.3955,51.77752881577222,0
1096.0,59.3032,27.3955,51.283517857925204,0
1097.0,59.3032,27.3955,50.78950690007819,0
1098.01,59.3032,27.3955,50.29549594223117,0
1099.0,59.3032,27.3955,79.23585516677912,0
1100.01,58.9809,27.3955,52.89022605132733,0
1102.0,58.9809,27.3955,52.41332960587542,0
1103.0,58.9809,27.073199999999996,51.936433160423505,0
1104.0,58.9809,27.3955,51.45953671497159,0
1105.0,58.9809,27.3955,50.98264026951968,0
1106.0,58.9809,27.073199999999996,50.505743824067764,0
1108.0,58.65859999999999,27.3955,79.46321756101146,0
1109.01,58.65859999999999,27.3955,53.134702957954204,0
1110.0,58.65859999999999,27.3955,52.67492102489739,0
1111.01,58.65859999999999,27.3955,52.21513909184057,0
1112.01,58.65859999999999,27.3955,51.75535715878375,0
1114.0,58.65859999999999,27.3955,51.295575225726935,0
1115.0,58.65859999999999,27.073199999999996,50.83579329267012,0
1117.0,58.336299999999994,27.073199999999996,79.81038154200826,0
1118.0,58.336299999999994,27.073199999999996,53.498981451346665,0
1119.0,58.336299999999994,27.073199999999996,53.05631403068495,0
1120.0,58.336299999999994,27.073199999999996,52.61364661002324,0
1121.0,58.336299999999994,27.073199999999996,52.170979189361525,0
1123.0,58.336299999999994,27.073199999999996,51.72831176869981,0
1124.0,58.336299999999994,27.073199999999996,51.2856443480381,0
1125.0,58.336299999999994,27.073199999999996,50.842976927376384,0
1126.0,58.336299999999994,27.073199999999996,79.83467968910963,0
1127.0,58.336299999999994,27.073199999999996,24.106023928448188,0
1129.0,58.013999999999996,27.073199999999996,78.96645936018132,0
1130.0,58.013999999999996,27.073199999999996,52.67217378191482,0
1131.0,58.013999999999996,27.073199999999996,52.246620873648205,0
1132.0,58.013999999999996,27.073199999999996,51.82106796538159,0
1133.0,58.013999999999996,27.073199999999996,51.39551505711497,0
1134.0,58.013999999999996,27.073199999999996,50.96996214884835,0
1136.0,57.6917,27.073199999999996,79.9787794229767,0
1137.0,58.013999999999996,27.073199999999996,53.70160835710531,0
1139.0,57.6917,27.073199999999996,53.293169961233794,0
1140.0,57.6917,27.073199999999996,52.88473156536228,0
1141.0,57.6917,27.073199999999996,52.476293169490766,0
1143.0,57.6917,27.073199999999996,52.06785477361925,0
1144.0,57.6917,27.073199999999996,51.65941637774774,0
1145.0,57.6917,27.073199999999996,51.250977981876225,0
1147.0,57.6917,27.073199999999996,80.27690976839966,0
1148.0,57.3694,27.073199999999996,54.01685321492337,0
1149.0,57.3694,27.073199999999996,53.625529331446955,0
1150.0,57.3694,27.073199999999996,53.23420544797054,0
1151.0,57.3694,27.073199999999996,52.84288156449412,0
1152.0,57.3694,27.073199999999996,52.451557681017704,0
1154.0,57.3694,27.073199999999996,52.06023379754129,0
1155.0,57.3694,27.073199999999996,51.66890991406487,0
1156.0,57.3694,27.073199999999996,51.27758603058845,0
1157.0,57.3694,27.073199999999996,50.886262147112035,0
1158.0,57.3694,27.073199999999996,79.92930844603123,0
1160.0,57.04709999999999,26.750899999999998,53.68636640494947,0
1161.0,57.3694,27.073199999999996,53.312157033868154,0
1162.0,57.04709999999999,27.073199999999996,52.93794766278684,0
1163.0,57.04709999999999,27.073199999999996,52.563738291705526,0
1164.0,57.04709999999999,26.750899999999998,52.18952892062421,0
1166.0,57.04709999999999,27.073199999999996,51.8153195495429,0
1167.0,57.04709999999999,27.073199999999996,51.441110178461585,0
1168.0,57.04709999999999,27.073199999999996,51.06690080738027,0
1169.0,57.04709999999999,27.073199999999996,50.69269143629896,0
1170.0,57.04709999999999,27.073199999999996,50.318482065217644,0
1172.0,57.04709999999999,26.750899999999998,49.94427269413633,0
1173.0,56.724799999999995,27.073199999999996,49.57006332305502,0
1175.0,56.724799999999995,27.073199999999996,78.63022413436866,0
1176.0,56.724799999999995,26.750899999999998,52.40439660568257,0
1177.0,56.724799999999995,27.073199999999996,52.047301746996354,0
1178.0,56.724799999999995,26.750899999999998,51.690206888310136,0
1179.0,56.724799999999995,26.750899999999998,51.33311202962392,0
1181.0,56.724799999999995,27.073199999999996,50.9760171709377,0
1182.0,56.724799999999995,27.073199999999996,50.618922312251485,0
1183.0,56.402499999999996,26.750899999999998,50.26182745356527,0
1184.0,56.724799999999995,26.750899999999998,79.33910277727401,0
1185.0,56.724799999999995,26.750899999999998,23.69601957858805,0
1186.0,56.402499999999996,26.750899999999998,78.64202757229667,0
1188.0,56.724799999999995,27.073199999999996,52.43331455600568,0
1189.0,56.402499999999996,26.750899999999998,22.658964027319605,0
1191.0,56.402499999999996,26.750899999999998,77.60497202102823,0
1192.0,56.402499999999996,26.750899999999998,51.396259004737246,0
1193.0,56.402499999999996,26.750899999999998,51.05627865844613,0
1194.0,56.402499999999996,26.750899999999998,50.71629831215502,0
1195.0,56.402499999999996,26.750899999999998,50.376317965863905,0
1197.0,56.402499999999996,26.750899999999998,50.03633761957279,0
1198.0,56.0802,26.750899999999998,49.69635727328168,0
1199.0,56.402499999999996,26.750899999999998,49.35637692699056,0
1201.0,56.0802,26.750899999999998,78.4507667630944,0
1202.0,56.0802,26.750899999999998,52.25916825919852,0
1203.0,56.0802,26.750899999999998,51.9363024253025,0
1204.0,56.0802,26.750899999999998,51.61343659140648,0
1205.0,56.0802,26.750899999999998,51.290570757510466,0
1206.0,56.0802,26.750899999999998,50.96770492361445,0
1208.0,56.0802,26.750899999999998,50.64483908971843,0
1209.0,56.0802,26.750899999999998,50.321973255822414,0
1211.0,56.0802,26.750899999999998,49.9991074219264,0
1212.0,56.0802,26.750899999999998,79.11061177042599,0
1213.0,56.0802,26.750899999999998,23.50175759652901,0
1215.0,55.75789999999999,26.750899999999998,78.48199461502905,0
1216.0,55.75789999999999,26.750899999999998,52.30751062352769,0
1217.0,55.75789999999999,26.750899999999998,52.00175930202678,0
1218.0,55.75789999999999,26.750899999999998,51.69600798052586,0
1219.0,55.75789999999999,26.750899999999998,51.39025665902495,0
1220.0,55.75789999999999,26.750899999999998,51.084505337524035,0
1222.0,55.75789999999999,26.750899999999998,50.77875401602312,0
1223.0,55.75789999999999,26.750899999999998,79.90737287691717,0
1225.0,55.75789999999999,26.750899999999998,53.75000339781147,0
1226.0,55.435599999999994,26.750899999999998,53.46136658870565,0
1227.0,55.75789999999999,26.750899999999998,23.738359597204877,0
1228.0,55.435599999999994,26.750899999999998,78.73571112809879,0
1229.01,55.435599999999994,26.750899999999998,52.57834164899309,0
1231.0,55.435599999999994,26.750899999999998,52.28970483988727,0
1232.0,55.435599999999994,26.750899999999998,52.001068030781454,0
1233.0,55.435599999999994,26.4286,51.71243122167564,0
1234.0,55.435599999999994,26.750899999999998,51.42379441256982,0
1235.0,55.435599999999994,26.750899999999998,51.135157603464,0
1237.0,55.435599999999994,26.750899999999998,50.846520794358185,0
1238.0,55.435599999999994,26.750899999999998,50.55788398525237,0
1239.0,55.435599999999994,26.750899999999998,50.26924717614655,0
1240.0,55.435599999999994,26.750899999999998,49.98061036704073,0
1241.0,55.435599999999994,26.750899999999998,49.691973557934915,0
1242.0,55.435599999999994,26.750899999999998,49.4033367488291,0
1244.0,55.113299999999995,26.750899999999998,78.54907012211824,0
1245.0,55.435599999999994,26.750899999999998,22.97444497301268,0
1247.0,55.113299999999995,26.4286,77.9889110163017,0
1248.0,55.113299999999995,26.750899999999998,51.848656049591106,0
1249.0,55.113299999999995,26.4286,51.57713375288039,0
1251.0,55.113299999999995,26.750899999999998,51.30561145616968,0
1252.0,55.113299999999995,26.750899999999998,51.034089159458965,0
1253.0,55.113299999999995,26.4286,50.76256686274825,0
1254.0,55.113299999999995,26.4286,50.49104456603754,0
1255.0,55.113299999999995,26.4286,50.21952226932682,0
1256.0,55.113299999999995,26.750899999999998,49.94799997261611,0
1258.0,54.791,26.750899999999998,79.11084785830036,0
1259.0,54.791,26.750899999999998,23.553337221589906,0
1260.0,54.791,26.4286,49.150547594879065,0
1261.0,54.791,26.4286,78.31339548056332,0
1262.0,54.791,26.4286,52.190255026247826,0
1264.0,54.791,26.4286,51.93584724193221,0
1265.0,54.791,26.4286,51.68143945761659,0
1267.0,54.791,26.750899999999998,51.427031673300974,0
1268.0,54.791,26.4286,51.172623888985356,0
1269.0,54.791,26.4286,50.91821610466974,0
1270.0,54.791,26.4286,50.66380832035412,0
1271.0,54.791,26.4286,50.409400536038504,0
1272.01,54.791,26.750899999999998,50.15499275172289,0
1274.0,54.791,26.4286,49.90058496740727,0
1275.0,54.791,26.4286,79.08054736548661,0
1277.0,54.791,26.750899999999998,23.54015124117126,0
1278.0,54.4687,26.4286,78.58884630925047,0
1279.0,54.791,26.4286,23.04845018493512,0
1280.0,54.4687,26.4286,48.662775070619375,0
1281.0,54.4687,26.4286,77.84273746869872,0
1282.0,54.4687,26.4286,51.73671152677832,0
1284.0,54.4687,26.4286,51.49941825485781,0
1285.0,54.4687,26.4286,51.262124982937294,0
1287.0,54.4687,26.4286,51.02483171101678,0
1288.0,54.4687,26.4286,50.78753843909627,0
1289.0,54.4687,26.4286,50.55024516717575,0
1291.0,54.4687,26.4286,50.31295189525524,0
1292.0,54.4687,26.4286,50.075658623334725,0
1293.0,54.4687,26.4286,49.83836535141421,0
1294.0,54.4687,26.4286,49.6010720794937,0
1295.0,54.4687,26.4286,49.36377880757318,0
1296.0,54.4687,26.4286,49.12648553565267,0
1298.0,54.4687,26.4286,48.889192263732156,0
1299.0,54.14639999999999,26.4286,48.65189899181164,0
1301.0,54.14639999999999,26.4286,77.84897590228672,0
1302.0,54.14639999999999,26.4286,22.32569429036525,0
1303.0,54.14639999999999,26.4286,77.3915038708408,0
1305.0,54.14639999999999,26.4286,51.30259244131493,0
1306.0,54.14639999999999,26.4286,51.08241368178951,0
1307.0,54.14639999999999,26.4286,50.86223492226409,0
1309.0,54.14639999999999,26.4286,50.642056162738676,0
1310.0,54.14639999999999,26.4286,50.42187740321326,0
1311.0,54.14639999999999,26.4286,50.20169864368784,0
1312.0,54.14639999999999,26.4286,49.981519884162424,0
1313.0,54.14639999999999,26.4286,49.761341124637006,0
1314.01,54.14639999999999,26.4286,49.54116236511159,0
1316.0,54.14639999999999,26.4286,49.32098360558617,0
1317.0,54.14639999999999,26.4286,49.100804846060754,0
1319.0,54.14639999999999,26.4286,48.88062608653534,0
1320.0,54.14639999999999,26.4286,48.66044732700992,0
1321.0,54.14639999999999,26.4286,77.87463874987947,0
1322.0,54.14639999999999,26.4286,51.80284183274927,0
1323.0,54.14639999999999,26.4286,51.59977758561896,0
1324.0,54.14639999999999,26.4286,51.396713338488645,0
1326.0,53.824099999999994,26.4286,51.19364909135833,0
1327.0,53.824099999999994,26.4286,50.99058484422802,0
1328.0,53.824099999999994,26.4286,50.7875205970977,0
1329.01,53.824099999999994,26.4286,50.58445634996739,0
1330.01,53.824099999999994,26.4286,50.381392102837076,0
1332.0,53.824099999999994,26.4286,50.17832785570676,0
1333.0,53.824099999999994,26.4286,49.97526360857645,0
1334.0,53.824099999999994,26.4286,49.772199361446134,0
1335.0,53.824099999999994,26.4286,49.56913511431582,0
1337.0,53.824099999999994,26.4286,49.366070867185506,0
1338.0,53.824099999999994,26.4286,49.16300662005519,0
1339.0,53.824099999999994,26.4286,48.95994237292488,0
1341.0,53.824099999999994,26.4286,48.756878125794564,0
1342.0,53.824099999999994,26.4286,48.55381387866425,0
1343.0,53.824099999999994,26.4286,48.35074963153394,0
1345.0,53.824099999999994,26.4286,48.14768538440362,0
1346.0,53.501799999999996,26.4286,47.94462113727331,0
1347.0,53.501799999999996,26.4286,47.741556890142995,0
1348.0,53.501799999999996,26.4286,47.53849264301268,0
1350.0,53.501799999999996,26.4286,76.76979857827732,0
1351.0,53.501799999999996,26.4286,50.71511617354223,0
1353.0,53.501799999999996,26.4286,50.52916643880701,0
1354.0,53.501799999999996,26.4286,50.34321670407179,0
1355.0,53.501799999999996,26.4286,50.157266969336575,0
1357.0,53.501799999999996,26.4286,49.97131723460136,0
1358.0,53.501799999999996,26.4286,49.78536749986614,0
1359.0,53.501799999999996,26.106299999999997,49.59941776513092,0
1361.0,53.501799999999996,26.4286,49.413468030395705,0
1362.0,53.501799999999996,26.4286,49.22751829566049,0
1363.0,53.501799999999996,26.4286,49.04156856092527,0
1364.0,53.501799999999996,26.4286,48.85561882619005,0
1365.0,53.501799999999996,26.4286,48.669669091454836,0
1366.0,53.501799999999996,26.106299999999997,77.91808953911458,0
1367.0,53.1795,26.106299999999997,22.446151464379625,0
1369.0,53.1795,26.4286,77.56330458203925,0
1370.0,53.1795,26.4286,22.0913665073043,0
1371.0,53.1795,26.106299999999997,77.20851962496391,0
1373.0,53.1795,26.106299999999997,51.17095173262392,0
1374.0,53.1795,26.106299999999997,51.0021165102838,0
1375.0,53.1795,26.106299999999997,50.83328128794368,0
1376.0,53.1795,26.4286,50.664446065603556,0
1377.0,53.1795,26.106299999999997,50.495610843263435,0
1379.0,53.1795,26.4286,50.326775620923314,0
1380.0,53.1795,26.106299999999997,50.15794039858319,0
1381.0,53.1795,26.106299999999997,49.98910517624307,0
1383.0,53.1795,26.4286,49.82026995390295,0
1384.0,53.1795,26.4286,49.65143473156283,0
1385.0,53.1795,26.4286,49.48259950922271,0
1386.0,53.1795,26.106299999999997,49.31376428688259,0
1387.0,53.1795,26.106299999999997,49.14492906454247,0
1389.0,52.8572,26.4286,48.976093842202346,0
1390.0,52.8572,26.106299999999997,78.2416288022572,0
1391.0,52.8572,26.4286,22.786805239917335,0
1393.0,52.8572,26.106299999999997,77.92107286997205,0
1394.0,52.8572,26.106299999999997,51.900619490027154,0
1395.0,52.8572,26.106299999999997,51.748898780082136,0
1396.0,52.8572,26.106299999999997,51.59717807013712,0
1397.0,52.8572,26.106299999999997,51.4454573601921,0
1399.0,52.8572,26.106299999999997,51.293736650247084,0
1400.0,52.8572,26.106299999999997,51.142015940302066,0
1401.0,52.8572,26.4286,50.99029523035705,0
1403.0,52.8572,26.106299999999997,50.83857452041203,0
1404.0,52.8572,26.106299999999997,50.686853810467014,0
1405.0,52.8572,26.106299999999997,50.535133100521996,0
1406.0,52.8572,26.106299999999997,50.38341239057698,0
1407.0,52.8572,26.106299999999997,50.23169168063196,0
1409.0,52.8572,26.106299999999997,50.079970970686944,0
1410.0,52.8572,26.106299999999997,49.928250260741926,0
1411.0,52.8572,26.106299999999997,49.77652955079691,0
1412.0,52.8572,26.106299999999997,49.62480884085189,0
1413.0,52.8572,26.106299999999997,49.47308813090687,0
1414.0,52.8572,26.4286,49.321367420961856,0
1416.0,52.8572,26.4286,49.16964671101684,0
1417.0,52.53489999999999,26.106299999999997,49.01792600107182,0
1419.0,52.8572,26.106299999999997,48.8662052911268,0
1420.0,52.53489999999999,26.106299999999997,48.714484581181786,0
1421.0,52.53489999999999,26.106299999999997,48.56276387123677,0
1422.0,52.53489999999999,26.106299999999997,77.84541334368737,0
1423.0,52.53489999999999,26.106299999999997,51.842074476137,0
1424.0,52.53489999999999,26.106299999999997,51.70746827858708,0
1426.0,52.53489999999999,26.106299999999997,51.57286208103716,0
1427.0,52.53489999999999,26.106299999999997,51.43825588348724,0
1428.0,52.8572,26.106299999999997,51.303649685937316,0
1429.0,52.53489999999999,26.106299999999997,51.169043488387395,0
1431.0,52.53489999999999,26.106299999999997,51.034437290837474,0
1432.0,52.53489999999999,26.106299999999997,50.89983109328755,0
1433.0,52.53489999999999,26.106299999999997,50.76522489573763,0
1435.0,52.53489999999999,26.106299999999997,50.63061869818771,0
1436.0,52.53489999999999,26.106299999999997,50.49601250063779,0
1437.0,52.53489999999999,26.106299999999997,50.36140630308787,0
1439.0,52.53489999999999,26.106299999999997,50.22680010553795,0
1440.0,52.53489999999999,26.106299999999997,50.092193907988026,0
1441.0,52.53489999999999,26.106299999999997,49.957587710438105,0
1442.0,52.53489999999999,26.106299999999997,49.822981512888184,0
1443.0,52.53489999999999,26.106299999999997,49.68837531533826,0
1444.0,52.53489999999999,26.106299999999997,49.55376911778834,0
1446.0,52.53489999999999,26.106299999999997,49.41916292023842,0
1447.0,52.53489999999999,26.106299999999997,49.2845567226885,0
1449.0,52.53489999999999,26.106299999999997,49.14995052513858,0
1450.0,52.53489999999999,26.106299999999997,49.01534432758866,0
1451.0,52.53489999999999,26.106299999999997,48.880738130038736,0
1452.0,52.212599999999995,26.106299999999997,48.746131932488815,0
1453.0,52.53489999999999,26.106299999999997,48.611525734938894,0
1455.0,52.53489999999999,26.106299999999997,48.47691953738897,0
1456.0,52.53489999999999,26.106299999999997,48.34231333983905,0
1457.0,52.53489999999999,26.106299999999997,48.20770714228913,0
1459.0,52.212599999999995,26.106299999999997,77.50747112713418,0
1460.0,52.212599999999995,26.106299999999997,51.521246771979484,0
1461.0,52.212599999999995,26.106299999999997,51.40375508682467,0
1463.0,52.212599999999995,26.106299999999997,21.85189321927489,0
1464.0,52.212599999999995,26.106299999999997,77.0203898741198,0
1465.0,52.212599999999995,26.106299999999997,51.034165518965104,0
1466.0,52.212599999999995,26.106299999999997,50.916673833810286,0
1467.0,52.212599999999995,26.106299999999997,50.79918214865547,0
1469.0,52.212599999999995,26.106299999999997,50.68169046350065,0
1470.0,52.212599999999995,26.106299999999997,50.56419877834583,0
1471.0,52.212599999999995,26.106299999999997,50.446707093191016,0
1473.0,52.212599999999995,26.106299999999997,50.3292154080362,0
1474.0,52.212599999999995,26.106299999999997,50.21172372288138,0
1475.0,52.212599999999995,26.106299999999997,50.09423203772656,0
1477.0,52.212599999999995,26.106299999999997,49.976740352571746,0
1478.0,52.212599999999995,26.106299999999997,49.85924866741693,0
1479.0,52.212599999999995,26.106299999999997,49.74175698226211,0
1480.0,52.212599999999995,26.106299999999997,49.62426529710729,0
1481.0,52.212599999999995,26.106299999999997,49.506773611952475,0
1483.0,52.212599999999995,26.106299999999997,49.38928192679766,0
1484.0,52.212599999999995,26.106299999999997,49.27179024164284,0
1485.0,52.212599999999995,26.106299999999997,49.15429855648802,0
1486.0,52.212599999999995,26.106299999999997,49.036806871333205,0
1487.0,52.212599999999995,26.106299999999997,48.91931518617839,0
1489.0,52.212599999999995,26.106299999999997,48.80182350102357,0
1490.0,52.212599999999995,26.106299999999997,48.68433181586875,0
1491.0,52.212599999999995,26.106299999999997,48.566840130713935,0
1492.0,52.212599999999995,26.106299999999997,48.44934844555912,0
1493.0,51.890299999999996,26.106299999999997,48.3318567604043,0
1495.0,52.212599999999995,26.106299999999997,48.21436507524948,0
1496.0,52.212599999999995,26.106299999999997,48.096873390094665,0
1497.0,52.212599999999995,26.106299999999997,77.4137518873348,0
1498.0,51.890299999999996,26.106299999999997,22.01027186218024,0
1499.0,51.890299999999996,26.106299999999997,77.19588302942026,0
1501.0,52.212599999999995,26.106299999999997,51.226773186660665,0
1502.0,51.890299999999996,26.106299999999997,51.126396013900944,0
1503.0,52.212599999999995,26.106299999999997,21.591648658746266,0
1504.0,51.890299999999996,26.106299999999997,76.77725982598629,0
1505.0,51.890299999999996,26.106299999999997,21.373779800831734,0
1506.0,51.890299999999996,26.106299999999997,76.55939096807177,0
1508.0,51.890299999999996,26.106299999999997,50.590281125312174,0
1509.0,51.890299999999996,26.106299999999997,21.055533770157496,0
1511.0,51.890299999999996,26.106299999999997,76.24114493739752,0
1512.0,51.890299999999996,26.106299999999997,50.27203509463793,0
1513.0,51.890299999999996,26.106299999999997,50.17165792187821,0
1515.0,51.890299999999996,26.106299999999997,50.071280749118486,0
1516.0,51.890299999999996,26.106299999999997,49.970903576358765,0
1517.0,51.890299999999996,26.106299999999997,49.870526403599044,0
1518.0,51.890299999999996,26.106299999999997,49.77014923083932,0
1519.0,51.890299999999996,26.106299999999997,49.6697720580796,0
1520.0,51.890299999999996,26.106299999999997,49.56939488531988,0
1522.0,51.890299999999996,26.106299999999997,49.46901771256016,0
1523.0,51.890299999999996,26.106299999999997,49.36864053980044,0
1524.0,51.890299999999996,26.106299999999997,49.26826336704072,0
1525.0,51.890299999999996,26.106299999999997,49.167886194280996,0
1527.0,51.890299999999996,26.106299999999997,49.067509021521275,0
1528.0,51.890299999999996,26.106299999999997,48.967131848761554,0
1529.0,51.890299999999996,26.106299999999997,48.86675467600183,0
1531.0,51.890299999999996,26.106299999999997,48.76637750324211,0
1532.0,51.890299999999996,25.784,48.66600033048239,0
1533.0,51.890299999999996,26.106299999999997,48.56562315772267,0
1535.0,51.890299999999996,26.106299999999997,48.46524598496295,0
1536.0,51.890299999999996,26.106299999999997,48.36486881220323,0
1537.0,51.890299999999996,26.106299999999997,48.264491639443506,0
1538.0,51.890299999999996,26.106299999999997,48.164114466683785,0
1539.0,51.890299999999996,26.106299999999997,48.06373729392406,0
1541.0,51.890299999999996,26.106299999999997,47.96336012116434,0
1542.0,51.890299999999996,26.106299999999997,47.86298294840462,0
1543.0,51.890299999999996,26.106299999999997,47.7626057756449,0
1544.01,51.890299999999996,26.106299999999997,47.66222860288518,0
1545.0,51.568,26.106299999999997,47.56185143012546,0
1546.0,51.568,26.106299999999997,47.46147425736574,0
1548.0,51.890299999999996,26.106299999999997,76.79546726700097,0
1549.0,51.568,25.784,21.40910175424152,0
1550.0,51.890299999999996,26.106299999999997,47.17745725148168,0
1551.0,51.568,26.106299999999997,76.51145026111692,0
1552.0,51.568,26.106299999999997,50.55945493075242,0
1554.0,51.568,26.106299999999997,50.476192270387806,0
1555.0,51.890299999999996,26.106299999999997,50.39292961002319,0
1557.0,51.568,26.106299999999997,50.30966694965857,0
1558.0,51.568,26.106299999999997,50.22640428929395,0
1559.0,51.568,26.106299999999997,50.143141628929335,0
1561.0,51.568,26.106299999999997,50.05987896856472,0
1562.0,51.568,26.106299999999997,49.9766163082001,0
1563.0,51.568,26.106299999999997,49.89335364783548,0
1564.0,51.568,26.106299999999997,49.810090987470865,0
1565.0,51.568,26.106299999999997,49.72682832710625,0
1567.0,51.568,26.106299999999997,49.64356566674163,0
1568.0,51.568,26.106299999999997,49.56030300637701,0
1569.0,51.568,25.784,49.477040346012394,0
1571.0,51.568,26.106299999999997,49.39377768564778,0
1572.0,51.568,26.106299999999997,49.31051502528316,0
1573.0,51.568,25.784,49.22725236491854,0
1575.0,51.568,26.106299999999997,49.143989704553924,0
1576.0,51.568,26.106299999999997,49.060727044189306,0
1577.0,51.568,26.106299999999997,48.97746438382469,0
1579.0,51.568,25.784,48.89420172346007,0
1580.0,51.568,26.106299999999997,48.810939063095454,0
1581.0,51.568,25.784,48.727676402730836,0
1583.0,51.568,26.106299999999997,48.64441374236622,0
1584.0,51.568,25.784,48.5611510820016,0
1585.0,51.568,26.106299999999997,48.47788842163698,0
1586.0,51.568,26.106299999999997,48.394625761272366,0
1587.0,51.568,26.106299999999997,48.31136310090775,0
1589.0,51.568,25.784,48.22810044054313,0
1590.0,51.568,26.106299999999997,48.14483778017851,0
1591.0,51.568,25.784,48.061575119813895,0
1592.0,51.568,26.106299999999997,47.97831245944928,0
1593.0,51.568,26.106299999999997,47.89504979908466,0
1594.0,51.2457,26.106299999999997,77.24615732111499,0
1596.0,51.568,25.784,51.31127650314559,0
1597.0,51.568,26.106299999999997,21.810758172781114,0
1599.0,51.2457,26.106299999999997,47.59622818241637,0
1600.0,51.568,25.784,47.51296552205175,0
1601.0,51.568,26.106299999999997,76.86407304408209,0
1603.0,51.2457,26.106299999999997,21.494822043717733,0
1604.0,51.2457,25.784,47.280292053352994,0
1605.0,51.2457,25.784,76.63139957538334,0
1606.0,51.2457,26.106299999999997,50.69651875741394,0
1607.0,51.2457,26.106299999999997,50.63037060944442,0
1609.0,51.568,26.106299999999997,50.5642224614749,0
1610.0,51.2457,25.784,50.49807431350538,0
1611.0,51.2457,25.784,50.431926165535856,0
1612.0,51.2457,26.106299999999997,50.365778017566335,0
1613.0,51.568,26.106299999999997,20.865259687201856,0
1615.0,51.2457,25.784,76.08509987923208,0
1616.0,51.2457,25.784,50.150219061262675,0
1617.0,51.2457,25.784,50.084070913293154,0
1618.0,51.2457,26.106299999999997,50.01792276532363,0
1619.0,51.2457,25.784,49.95177461735411,0
1620.0,51.2457,25.784,49.88562646938459,0
1622.0,51.2457,25.784,49.81947832141507,0
1623.0,51.2457,26.106299999999997,49.75333017344555,0
1624.0,51.2457,25.784,49.68718202547603,0
1625.0,51.2457,26.106299999999997,49.621033877506505,0
1626.01,51.2457,26.106299999999997,49.554885729536984,0
1628.0,51.2457,26.106299999999997,49.48873758156746,0
1629.0,51.2457,25.784,49.42258943359794,0
1630.0,51.2457,26.106299999999997,49.35644128562842,0
1631.0,51.2457,26.106299999999997,49.2902931376589,0
1633.0,51.2457,25.784,49.22414498968938,0
1634.0,51.2457,25.784,49.15799684171986,0
1635.0,51.2457,26.106299999999997,49.091848693750336,0
1637.0,51.2457,25.784,49.025700545780815,0
1638.0,51.2457,26.106299999999997,48.959552397811294,0
1639.0,51.2457,25.784,48.89340424984177,0
1641.0,51.2457,26.106299999999997,48.82725610187225,0
1642.0,51.2457,25.784,48.76110795390273,0
1643.0,51.2457,25.784,48.69495980593321,0
1644.0,51.2457,25.784,48.62881165796369,0
1645.0,51.2457,25.784,48.56266350999417,0
1647.0,51.2457,25.784,48.496515362024645,0
1648.0,51.2457,26.106299999999997,48.430367214055124,0
1649.0,51.2457,25.784,48.3642190660856,0
1651.0,51.2457,25.784,48.29807091811608,0
1652.0,51.2457,25.784,48.23192277014656,0
1653.0,51.2457,25.784,48.16577462217704,0
1656.0,51.2457,25.784,77.53399665660314,0
1657.0,51.2457,25.784,22.18186016863266,0
1658.0,51.2457,25.784,47.984444690663594,0
1659.0,51.2457,25.784,77.35266672508969,0
1660.0,51.2457,25.784,22.000530237119214,0
1661.0,51.2457,25.784,47.80311475915015,0
1662.0,51.2457,25.784,77.17133679357624,0
1663.0,50.923399999999994,26.106299999999997,51.25357048800138,0
1664.0,50.923399999999994,25.784,51.20453685242696,0
1666.0,50.923399999999994,25.784,51.155503216852544,0
1667.0,51.2457,25.784,21.672099398882512,0
1668.0,51.2457,25.784,76.90905410330905,0
1670.0,51.2457,25.784,21.55691761533857,0
1671.0,50.923399999999994,25.784,76.79387231976511,0
1672.0,51.2457,25.784,21.441735831794638,0
1674.0,51.2457,26.106299999999997,47.24432035382557,0
1676.0,50.923399999999994,25.784,47.17817220585605,0
1677.0,50.923399999999994,25.784,47.11202405788653,0
1678.0,51.2457,25.784,47.04587590991701,0
1679.0,50.923399999999994,25.784,76.4140979443431,0
1680.0,50.923399999999994,25.784,50.49633163876823,0
1681.0,50.923399999999994,26.106299999999997,50.447298003193815,0
1682.0,50.923399999999994,25.784,50.3982643676194,0
1684.0,50.923399999999994,25.784,50.34923073204498,0
1685.0,50.923399999999994,25.784,50.30019709647056,0
1686.0,50.923399999999994,25.784,50.251163460896144,0
1688.0,50.923399999999994,25.784,50.20212982532173,0
1689.0,50.923399999999994,25.784,50.15309618974731,0
1690.0,50.923399999999994,25.784,50.10406255417289,0
1691.0,50.923399999999994,25.784,20.62065873620286,0
1692.0,50.923399999999994,25.784,75.8576134406294,0
1693.0,50.923399999999994,25.784,20.505476952658917,0
1695.0,50.923399999999994,25.784,75.74243165708546,0
1696.0,50.923399999999994,25.784,49.824665351510596,0
1698.0,50.923399999999994,25.784,49.77563171593618,0
1699.0,50.923399999999994,25.784,49.72659808036176,0
1700.0,50.923399999999994,25.784,49.67756444478734,0
1701.0,50.923399999999994,25.784,49.628530809212926,0
1702.0,50.923399999999994,25.784,49.57949717363851,0
1703.0,50.923399999999994,25.784,49.53046353806409,0
1705.0,50.923399999999994,25.784,49.48142990248967,0
1706.0,50.923399999999994,25.784,49.432396266915255,0
1707.0,50.923399999999994,25.784,49.38336263134084,0
1708.0,50.923399999999994,25.784,49.33432899576642,0
1710.0,50.923399999999994,25.784,49.285295360192,0
1711.0,50.923399999999994,25.784,49.236261724617584,0
1712.0,50.923399999999994,25.784,49.18722808904317,0
1714.0,50.923399999999994,25.784,49.13819445346875,0
1715.0,50.923399999999994,25.784,49.08916081789433,0
1716.0,50.923399999999994,25.784,49.040127182319914,0
1717.0,50.923399999999994,25.784,48.991093546745496,0
1718.0,50.923399999999994,25.784,48.94205991117108,0
1719.0,50.923399999999994,25.784,48.89302627559666,0
1720.0,50.923399999999994,25.784,48.84399264002224,0
1722.0,50.923399999999994,25.784,48.794959004447826,0
1723.0,50.923399999999994,25.784,48.74592536887341,0
1724.0,50.923399999999994,25.784,48.69689173329899,0
1725.0,50.923399999999994,25.784,48.64785809772457,0
1726.0,50.923399999999994,25.784,48.598824462150155,0
1727.0,50.601099999999995,25.784,77.9841610089707,0
1728.0,50.601099999999995,25.784,22.649139033396544,0
1730.0,50.923399999999994,25.784,48.468838067822006,0
1731.0,50.923399999999994,25.784,77.85417461464255,0
1732.0,50.923399999999994,25.784,51.95352282146335,0
1733.0,50.923399999999994,25.784,22.487233515889077,0
1734.0,50.923399999999994,25.784,48.30693255031454,0
1736.0,50.601099999999995,25.784,77.69226909713508,0
1737.0,50.923399999999994,25.784,51.79161730395589,0
1738.0,50.601099999999995,25.784,22.325327998381614,0
1739.0,50.923399999999994,25.784,77.57939721520204,0
1740.0,50.601099999999995,25.784,51.67874542202284,0
1742.0,50.601099999999995,25.784,51.64682629884352,0
1743.0,50.601099999999995,25.784,22.180536993269246,0
1744.0,50.601099999999995,25.784,77.43460621008967,0
1746.0,50.923399999999994,25.784,51.533954416910476,0
1747.0,50.923399999999994,25.784,22.0676651113362,0
1748.0,50.601099999999995,25.784,47.887364145761666,0
1750.0,50.923399999999994,25.784,77.2727006925822,0
1751.0,50.923399999999994,25.784,51.37204889940301,0
1752.0,50.601099999999995,25.784,21.905759593828737,0
1753.0,50.923399999999994,25.784,77.15982881064916,0
1754.0,50.601099999999995,25.784,21.824806835075,0
1756.0,50.601099999999995,25.784,77.07887605189542,0
1757.0,50.923399999999994,25.784,21.743854076321263,0
1758.0,50.601099999999995,25.784,47.563553110746724,0
1759.0,50.923399999999994,25.784,76.94888965756726,0
1760.0,50.601099999999995,25.784,51.04823786438807,0
1761.0,50.601099999999995,25.784,51.01631874120875,0
1763.0,50.601099999999995,25.784,50.98439961802943,0
1764.0,50.601099999999995,25.784,21.518110312455153,0
1766.0,50.601099999999995,25.784,76.77217952927558,0
1767.0,50.601099999999995,25.784,50.87152773609638,0
1768.0,50.601099999999995,25.784,50.83960861291706,0
1770.0,50.601099999999995,25.784,50.80768948973774,0
1771.0,50.601099999999995,25.784,50.77577036655842,0
1772.0,50.601099999999995,25.784,50.7438512433791,0
1773.0,50.601099999999995,25.784,50.711932120199776,0
1774.0,50.601099999999995,25.784,50.680012997020455,0
1776.0,50.601099999999995,25.784,50.648093873841134,0
1777.0,50.601099999999995,25.784,50.61617475066181,0
1778.0,50.601099999999995,25.784,50.58425562748249,0
1780.0,50.601099999999995,25.784,50.55233650430317,0
1781.0,50.601099999999995,25.784,50.52041738112385,0
1782.0,50.601099999999995,25.784,50.48849825794453,0
1783.0,50.601099999999995,25.784,50.45657913476521,0
1784.0,50.923399999999994,25.784,50.424660011585885,0
1786.0,50.601099999999995,25.784,50.392740888406564,0
1787.0,50.923399999999994,25.784,50.36082176522724,0
1788.0,50.601099999999995,25.784,50.32890264204792,0
1789.0,50.601099999999995,25.784,50.2969835188686,0
1790.0,50.601099999999995,25.784,50.26506439568928,0
1791.0,50.601099999999995,25.784,50.23314527250996,0
1793.0,50.601099999999995,25.784,50.20122614933064,0
1794.0,50.601099999999995,25.784,50.169307026151316,0
1795.0,50.601099999999995,25.784,50.137387902971994,0
1796.0,50.601099999999995,25.784,50.10546877979267,0
1798.0,50.601099999999995,25.784,50.07354965661335,0
1799.0,50.601099999999995,25.784,50.04163053343403,0
1800.0,50.601099999999995,25.784,50.00971141025471,0
1801.0,50.601099999999995,25.784,49.97779228707539,0
1802.0,50.601099999999995,25.784,49.94587316389607,0
1803.0,50.923399999999994,25.784,49.913954040716746,0
1805.0,50.601099999999995,25.784,49.882034917537425,0
1806.0,50.601099999999995,25.784,20.41574561196315,0
1808.0,50.601099999999995,25.784,75.66981482878357,0
1809.0,50.601099999999995,25.784,49.76916303560438,0
1810.0,50.601099999999995,25.784,49.73724391242506,0
1812.0,50.601099999999995,25.784,49.705324789245736,0
1813.0,50.601099999999995,26.106299999999997,49.673405666066415,0
1814.0,50.601099999999995,25.784,49.641486542887094,0
1815.0,50.601099999999995,25.784,49.60956741970777,0
1816.0,50.601099999999995,25.784,49.57764829652845,0
1818.0,50.601099999999995,25.784,49.54572917334913,0
1819.0,50.601099999999995,25.784,49.51381005016981,0
1820.0,50.601099999999995,25.784,49.48189092699049,0
1822.0,50.601099999999995,25.784,49.44997180381117,0
1823.0,50.601099999999995,25.784,49.418052680631845,0
1824.0,50.601099999999995,25.784,49.386133557452524,0
1825.0,50.601099999999995,25.784,49.3542144342732,0
1826.0,50.601099999999995,25.784,49.32229531109388,0
1828.0,50.601099999999995,25.784,49.29037618791456,0
1829.0,50.601099999999995,25.784,49.25845706473524,0
1830.0,50.601099999999995,25.784,49.22653794155592,0
1831.0,50.601099999999995,25.784,49.1946188183766,0
1832.0,50.601099999999995,25.784,49.162699695197276,0
1833.0,50.601099999999995,25.784,49.130780572017954,0
1835.0,50.601099999999995,25.784,49.09886144883863,0
1836.0,50.601099999999995,25.784,49.06694232565931,0
1838.0,50.601099999999995,25.784,49.03502320247999,0
1839.0,50.601099999999995,25.784,49.00310407930067,0
1840.0,50.601099999999995,25.784,48.97118495612135,0
1841.0,50.601099999999995,25.784,48.93926583294203,0
1842.0,50.601099999999995,25.784,48.907346709762706,0
1844.0,50.601099999999995,25.784,48.875427586583385,0
1845.0,50.601099999999995,25.784,48.84350846340406,0
1846.0,50.601099999999995,25.784,48.81158934022474,0
1848.0,50.601099999999995,25.784,48.77967021704542,0
1849.0,50.601099999999995,25.784,48.7477510938661,0
1850.0,50.601099999999995,25.784,48.71583197068678,0
1851.0,50.601099999999995,25.784,48.68391284750746,0
1852.0,50.601099999999995,25.784,48.651993724328136,0
1853.0,50.601099999999995,25.784,48.620074601148815,0
1855.0,50.601099999999995,25.784,48.588155477969494,0
1856.0,50.601099999999995,25.784,48.55623635479017,0
1857.0,50.601099999999995,25.784,48.52431723161085,0
1858.0,50.601099999999995,25.784,48.49239810843153,0
1860.0,50.601099999999995,25.784,48.46047898525221,0
1861.0,50.601099999999995,25.784,48.42855986207289,0
1862.0,50.601099999999995,25.784,48.396640738893566,0
1863.0,50.601099999999995,25.784,48.364721615714245,0
1864.0,50.601099999999995,25.784,48.332802492534924,0
1865.0,50.601099999999995,25.784,48.3008833693556,0
1867.0,50.601099999999995,25.784,48.26896424617628,0
1868.0,50.601099999999995,25.784,48.23704512299696,0
1870.0,50.601099999999995,25.784,48.20512599981764,0
1871.0,50.601099999999995,25.784,48.17320687663832,0
1872.0,50.601099999999995,25.784,48.141287753459,0
1874.0,50.601099999999995,25.784,48.109368630279675,0
1875.0,50.2788,25.784,48.077449507100354,0
1876.0,50.601099999999995,25.784,48.04553038392103,0
1878.0,50.601099999999995,25.784,48.01361126074171,0
1879.0,50.2788,25.784,47.98169213756239,0
1880.0,50.601099999999995,25.784,47.94977301438307,0
1882.0,50.2788,25.784,77.3522240735987,0
1883.0,50.601099999999995,25.784,51.46868679281461,0
1884.0,50.601099999999995,25.784,51.45388218203039,0
1885.0,50.601099999999995,25.784,22.004707388851212,0
1886.0,50.601099999999995,25.784,47.84152093567177,0
1888.0,50.2788,25.784,47.809601812492446,0
1889.0,50.601099999999995,25.784,77.2120528717081,0
1890.0,50.2788,25.784,21.89414540852904,0
1891.0,50.2788,25.784,47.7309589553496,0
1892.02,50.2788,25.784,77.13341001456524,0
1895.0,50.601099999999995,25.784,51.249872733781146,0
1896.0,50.601099999999995,25.784,21.800697940601967,0
1897.0,50.601099999999995,25.784,47.63751148742253,0
1898.0,50.601099999999995,25.784,47.60559236424321,0
1899.0,50.601099999999995,25.784,47.57367324106389,0
1900.0,50.601099999999995,25.784,47.541754117884565,0
1901.0,50.601099999999995,25.784,47.509834994705244,0
1902.0,50.601099999999995,25.784,47.47791587152592,0
1904.0,50.601099999999995,25.784,47.4459967483466,0
1905.0,50.601099999999995,25.784,47.41407762516728,0
1906.0,50.601099999999995,25.784,47.38215850198796,0
1907.0,50.601099999999995,25.784,47.35023937880864,0
1908.0,50.601099999999995,25.784,47.31832025562932,0
1910.0,50.601099999999995,25.784,47.286401132449996,0
1911.0,50.601099999999995,25.784,47.254482009270674,0
1912.0,50.2788,25.784,47.22256288609135,0
1913.0,50.601099999999995,25.784,47.19064376291203,0
1914.0,50.2788,25.784,47.15872463973271,0
1915.0,50.601099999999995,25.784,47.12680551655339,0
1917.0,50.601099999999995,25.784,47.09488639337407,0
1918.0,50.601099999999995,25.784,47.06296727019475,0
1920.0,50.601099999999995,25.784,47.031048147015426,0
1921.0,50.601099999999995,25.784,46.999129023836105,0
1922.0,50.601099999999995,25.784,46.96720990065678,0
1924.0,50.601099999999995,25.784,46.93529077747746,0
1925.0,50.601099999999995,25.784,76.33774183669311,0
1926.0,50.2788,25.784,21.01983437351406,0
1928.0,50.601099999999995,25.784,76.29101810272957,0
1929.0,50.601099999999995,25.784,50.40748082194547,0
1930.0,50.2788,25.784,20.95830602876629,0
1932.0,50.2788,25.784,76.22948975798181,0
1933.0,50.2788,25.784,50.34595247719771,0
1934.0,50.2788,25.784,50.331147866413495,0
1935.0,50.2788,25.784,50.31634325562928,0
1936.0,50.2788,25.784,50.30153864484506,0
1937.0,50.2788,25.784,50.28673403406084,0
1938.0,50.2788,25.784,50.271929423276625,0
1939.0,50.2788,25.784,50.25712481249241,0
1941.0,50.2788,25.784,50.24232020170819,0
1942.0,50.2788,25.784,50.22751559092397,0
1943.0,50.2788,25.784,50.212710980139754,0
1944.0,50.2788,25.784,50.197906369355536,0
1945.0,50.2788,25.784,50.18310175857132,0
1947.0,50.2788,25.784,50.1682971477871,0
1948.0,50.2788,25.784,50.15349253700288,0
1950.0,50.2788,25.784,50.138687926218665,0
1951.0,50.2788,25.784,50.12388331543445,0
1952.0,50.2788,25.784,50.10907870465023,0
1953.0,50.2788,25.784,50.09427409386601,0
1954.0,50.2788,25.784,50.079469483081795,0
1955.0,50.2788,25.784,50.06466487229758,0
1957.0,50.2788,25.784,50.04986026151336,0
1958.0,50.2788,25.784,50.03505565072914,0
1960.0,50.2788,25.784,50.020251039944924,0
1961.0,50.2788,25.784,50.005446429160706,0
1962.0,50.2788,25.784,49.99064181837649,0
1963.0,50.2788,25.784,49.97583720759227,0
1964.0,50.2788,25.784,49.96103259680805,0
1965.0,50.2788,25.784,49.946227986023835,0
1967.0,50.2788,25.784,49.93142337523962,0
1968.0,50.2788,25.784,49.9166187644554,0
1970.0,50.2788,25.784,49.90181415367118,0
1971.0,50.2788,25.784,49.887009542886965,0
1972.0,50.2788,25.784,49.87220493210275,0
1974.0,50.2788,25.784,49.85740032131853,0
1975.0,50.2788,25.784,49.84259571053431,0
1976.0,50.2788,25.784,49.827791099750094,0
1977.0,50.2788,25.784,20.378616306570915,0
1978.0,50.2788,25.784,75.64980003578643,0
1980.0,50.2788,25.784,49.76626275500233,0
1981.0,50.2788,25.784,49.75145814421811,0
1982.0,50.2788,25.784,49.736653533433895,0
1984.0,50.2788,25.784,49.72184892264968,0
1985.0,50.601099999999995,25.784,49.70704431186546,0
1986.0,50.2788,25.784,49.69223970108124,0
1987.0,50.2788,25.784,49.677435090297024,0
1988.0,50.2788,25.784,49.662630479512806,0
1989.01,50.2788,25.784,20.213455686333628,0
1991.0,50.2788,25.784,46.05026923315418,0
1992.0,50.2788,25.784,75.45272029236983,0
1994.0,50.2788,25.784,49.569183011585736,0
1995.0,50.601099999999995,25.784,49.55437840080152,0
1996.0,50.2788,25.784,49.5395737900173,0
1998.0,50.2788,25.784,49.52476917923308,0
1999.0,50.2788,25.784,49.509964568448865,0
2000.0,50.2788,25.784,49.49515995766465,0
2001.0,50.2788,25.784,20.04598516448547,0
2002.0,50.2788,25.784,75.31716889370098,0
2003.0,50.2788,25.784,49.433631612916884,0
2005.0,50.601099999999995,25.784,49.418827002132666,0
2006.0,50.2788,25.784,49.40402239134845,0
2008.0,50.2788,25.784,49.38921778056423,0
2009.0,50.2788,25.784,49.37441316978001,0
2010.0,50.601099999999995,25.784,19.925238376600834,0
2011.0,50.2788,25.784,75.19642210581635,0
2012.0,50.2788,25.784,19.8785146426373,0
2013.0,50.2788,25.784,75.14969837185282,0
2015.0,50.2788,25.784,49.266161091068724,0
2016.0,50.2788,25.784,19.816986297889546,0
2017.0,50.2788,25.784,45.65379984471011,0
2018.0,50.2788,25.784,75.05625090392576,0
2019.01,50.2788,25.784,49.17271362314166,0
2021.0,50.2788,25.784,19.723538829962482,0
2022.0,50.2788,25.784,45.560352376783044,0
2023.01,50.2788,25.784,45.52843325360372,0
2024.0,50.2788,25.784,45.4965141304244,0
2025.01,50.2788,25.784,74.89896518964005,0
2027.0,50.601099999999995,25.784,49.015427908855955,0
2028.0,50.601099999999995,25.784,49.00062329807174,0
2029.0,50.2788,25.784,19.55144850489256,0
2030.0,50.601099999999995,25.784,45.38826205171311,0
2032.0,50.2788,25.784,45.35634292853379,0
2033.0,50.2788,25.784,74.75879398774944,0
2034.0,50.2788,25.784,19.440886524570388,0
2036.0,50.2788,25.784,74.7120702537859,0
2037.0,50.2788,25.784,19.394162790606842,0
2038.0,50.2788,25.784,74.66534651982235,0
2040.0,50.2788,25.784,48.78180923903825,0
2041.0,50.2788,25.784,48.767004628254035,0
2042.0,50.2788,25.784,48.75220001746982,0
2044.0,50.601099999999995,25.784,48.7373954066856,0
2045.0,50.2788,25.784,19.28822061350642,0
2046.0,50.2788,25.784,74.55940434272193,0
2047.0,50.2788,25.784,48.675867061937836,0
2048.0,50.601099999999995,25.784,48.66106245115362,0
2050.0,50.2788,25.784,48.6462578403694,0
2051.0,50.2788,25.784,48.63145322958518,0
2052.0,50.2788,25.784,48.616648618800966,0
2053.0,50.2788,25.784,48.60184400801675,0
2054.0,50.2788,25.784,48.58703939723253,0
2055.0,50.2788,25.784,48.57223478644831,0
2057.0,50.2788,25.784,48.557430175664095,0
2058.0,50.2788,25.784,48.54262556487988,0
2059.0,50.2788,25.784,48.52782095409566,0
2060.0,50.2788,25.784,48.51301634331144,0
2061.0,50.2788,25.784,48.498211732527224,0
2063.0,50.2788,25.784,48.48340712174301,0
2064.0,50.2788,25.784,48.46860251095879,0
2065.0,50.2788,25.461699999999997,48.45379790017457,0
2066.0,50.2788,25.784,48.43899328939035,0
2067.0,50.2788,25.784,48.424188678606136,0
2069.0,50.2788,25.784,48.40938406782192,0
2070.0,50.2788,25.784,48.3945794570377,0
2071.0,50.2788,25.784,48.37977484625348,0
2072.0,50.2788,25.784,48.364970235469265,0
2073.0,50.2788,25.784,48.35016562468505,0
2075.0,50.2788,25.784,48.33536101390083,0
2076.0,50.2788,25.784,48.32055640311661,0
2078.0,50.2788,25.784,48.305751792332394,0
2079.0,50.2788,25.784,48.29094718154818,0
2080.0,50.2788,25.784,48.27614257076396,0
2081.0,50.2788,25.784,48.26133795997974,0
2082.0,50.2788,25.784,48.24653334919552,0
2083.01,50.2788,25.784,48.231728738411306,0
2085.0,50.2788,25.784,48.21692412762709,0
2086.0,50.2788,25.784,48.20211951684287,0
2087.0,50.2788,25.784,48.18731490605865,0
2088.0,50.2788,25.784,48.172510295274435,0
2090.0,50.2788,25.784,48.15770568449022,0
2091.0,50.2788,25.784,48.142901073706,0
2092.0,50.2788,25.784,48.12809646292178,0
2094.0,50.2788,25.784,48.113291852137564,0
2095.0,50.2788,25.784,48.09848724135335,0
2096.0,50.2788,25.784,48.08368263056913,0
2097.0,50.2788,25.784,48.06887801978491,0
2098.0,50.2788,25.784,48.054073409000694,0
2100.0,50.2788,25.784,48.039268798216476,0
2101.0,50.2788,25.784,48.02446418743226,0
2102.0,50.2788,25.784,48.00965957664804,0
2103.0,50.2788,25.784,47.99485496586382,0
2104.0,50.2788,25.784,47.980050355079605,0
2105.0,50.2788,25.784,47.96524574429539,0
2107.0,50.2788,25.784,47.95044113351117,0
2108.0,50.2788,25.784,47.93563652272695,0
2110.0,50.2788,25.784,47.920831911942734,0
2111.0,50.2788,25.784,47.90602730115852,0
2112.0,50.2788,25.784,47.8912226903743,0
2114.0,50.2788,25.784,47.87641807959008,0
2115.0,50.2788,25.784,47.861613468805864,0
2116.0,50.2788,25.784,47.846808858021646,0
2118.0,50.2788,25.784,47.83200424723743,0
2119.0,50.2788,25.784,47.81719963645321,0
2120.0,50.2788,25.784,47.80239502566899,0
2121.0,50.2788,25.784,47.787590414884775,0
2122.0,50.2788,25.784,47.77278580410056,0
2124.0,50.2788,25.784,47.75798119331634,0
2125.0,50.2788,25.784,47.74317658253212,0
2126.0,50.2788,25.784,47.728371971747904,0
2128.0,49.9565,25.784,47.71356736096369,0
2129.0,50.2788,25.784,47.69876275017947,0
2130.0,50.2788,25.784,77.11832832179022,0
2131.0,50.2788,25.784,21.817535371006258,0
2132.0,49.9565,25.784,47.67146343022192,0
2134.0,50.2788,25.784,77.09102900183267,0
2135.0,50.2788,25.461699999999997,21.79023605104871,0
2136.0,50.2788,25.784,47.64416411026437,0
2137.0,49.9565,25.784,77.06372968187512,0
2138.0,50.2788,25.784,21.76293673109116,0
2139.01,49.9565,25.784,47.61686479030682,0
2141.0,50.2788,25.784,77.03643036191757,0
2142.0,49.9565,25.784,21.73563741113361,0
2143.0,49.9565,25.784,77.02393565274423,0
2144.0,50.2788,25.784,51.15751288435523,0
2145.0,50.2788,25.784,21.72545260357115,0
2147.0,49.9565,25.784,77.01375084518176,0
2148.0,49.9565,25.784,51.14732807679276,0
2150.0,49.9565,25.784,51.14963797840364,0
2151.0,50.2788,25.784,21.71757769761956,0
2152.0,49.9565,25.784,77.00587593923018,0
2154.0,50.2788,25.784,51.13945317084118,0
2155.0,49.9565,25.784,21.7073928900571,0
2156.0,49.9565,25.784,47.561320949272755,0
2157.0,49.9565,25.784,47.54651633848854,0
2158.0,50.2788,25.784,47.53171172770432,0
2160.0,50.2788,25.784,47.5169071169201,0
2161.0,49.9565,25.784,47.502102506135884,0
2162.0,49.9565,25.784,47.48729789535167,0
2164.0,49.9565,25.784,47.47249328456745,0
2165.0,50.2788,25.784,47.45768867378323,0
2166.0,50.2788,25.784,76.87725424539397,0
2167.0,50.2788,25.784,51.01083147700497,0
2168.0,50.2788,25.784,51.01314137861585,0
2169.0,49.9565,25.784,51.01545128022673,0
2171.0,50.2788,25.784,21.58339099944265,0
2172.0,50.2788,25.784,76.87168924105328,0
2174.0,49.9565,25.784,21.570896290269317,0
2175.0,50.2788,25.784,47.42482434948498,0
2176.0,50.2788,25.784,47.41001973870076,0
2177.0,50.2788,25.784,47.39521512791654,0
2178.0,50.2788,25.784,47.380410517132326,0
2180.0,50.2788,25.784,47.36560590634811,0
2181.0,50.2788,25.784,47.35080129556389,0
2182.0,49.9565,25.784,47.33599668477967,0
2183.0,50.2788,25.784,47.321192073995455,0
2184.0,50.2788,25.784,47.30638746321124,0
2185.0,50.2788,25.784,47.29158285242702,0
2187.0,50.2788,25.784,47.2767782416428,0
2188.0,50.2788,25.784,47.261973630858584,0
2189.0,50.2788,25.784,47.24716902007437,0
2190.0,50.2788,25.784,47.23236440929015,0
2192.0,50.2788,25.784,47.21755979850593,0
2193.0,49.9565,25.784,47.20275518772171,0
2194.0,50.2788,25.784,47.187950576937496,0
2196.0,50.2788,25.784,47.17314596615328,0
2197.0,50.2788,25.784,47.15834135536906,0
2198.0,49.9565,25.784,76.57790692697981,0
2199.0,50.2788,25.784,21.27711397619585,0
2200.0,49.9565,25.784,47.13104203541151,0
2201.0,50.2788,25.784,76.55060760702226,0
2203.0,50.2788,25.784,21.2498146562383,0
2204.0,50.2788,25.784,76.53811289784892,0
2205.0,50.2788,25.784,21.23731994706496,0
2206.0,50.2788,25.784,47.09124800628062,0
2207.01,50.2788,25.784,76.51081357789137,0
2209.0,50.2788,25.784,21.21002062710741,0
2210.0,50.2788,25.784,47.06394868632307,0
2211.0,50.2788,25.784,47.049144075538855,0
2212.0,50.2788,25.784,47.03433946475464,0
2214.0,50.2788,25.784,47.01953485397042,0
2215.0,50.2788,25.784,47.0047302431862,0
2216.0,50.2788,25.784,46.989925632401985,0
2218.0,50.2788,25.784,46.97512102161777,0
2219.0,50.2788,25.784,46.96031641083355,0
2220.0,50.2788,25.784,46.94551180004933,0
2222.0,50.2788,25.784,46.930707189265114,0
2223.0,50.2788,25.784,46.915902578480896,0
2224.0,50.2788,25.784,46.90109796769668,0
2226.0,50.2788,25.784,46.88629335691246,0
2227.0,50.2788,25.784,46.87148874612824,0
2228.0,50.2788,25.784,46.856684135344025,0
2229.0,50.2788,25.784,46.84187952455981,0
2230.0,50.2788,25.784,76.26144509617055,0
2231.0,50.2788,25.784,20.96065214538659,0
2233.0,50.2788,25.784,46.81458020460225,0
2234.0,50.2788,25.784,46.79977559381803,0
2235.0,50.2788,25.784,46.784970983033816,0
2236.0,50.2788,25.784,46.7701663722496,0
2237.0,49.9565,25.784,46.75536176146538,0
2239.0,50.2788,25.784,46.74055715068116,0
2240.0,49.9565,25.784,76.1601227222919,0
2242.0,49.9565,25.784,50.2936999539029,0
2243.0,49.9565,25.784,20.861639673118823,0
2244.0,49.9565,25.784,76.14993791472943,0
2245.0,50.2788,25.784,50.283515146340434,0
2246.0,50.2788,25.784,50.28582504795131,0
2247.0,49.9565,25.784,50.28813494956219,0
2249.0,50.2788,25.784,50.29044485117307,0
2250.0,50.2788,25.784,50.29275475278395,0
2252.0,50.2788,25.784,20.86069447199987,0
2253.0,49.9565,25.784,46.714622531215525,0
2254.0,49.9565,25.784,76.13418810282627,0
2256.0,49.9565,25.784,20.833395152042314,0
2257.0,50.2788,25.784,76.12169339365293,0
2258.0,50.2788,25.784,20.820900442868975,0
2259.0,50.2788,25.784,46.67482850208464,0
2260.0,50.2788,25.784,46.66002389130042,0
2262.0,49.9565,25.784,46.6452192805162,0
2263.0,50.2788,25.784,46.630414669731984,0
2264.0,50.2788,25.784,46.615610058947766,0
2266.0,50.2788,25.784,46.60080544816355,0
2267.0,50.2788,25.784,46.58600083737933,0
2268.0,50.2788,25.784,76.00556640899008,0
2269.0,50.2788,25.784,20.70477345820612,0
2270.0,49.9565,25.784,46.55870151742178,0
2271.0,50.2788,25.784,75.97826708903253,0
2273.0,50.2788,25.784,20.67747413824857,0
2274.0,50.2788,25.784,46.53140219746423,0
2275.0,50.2788,25.784,46.516597586680014,0
2276.0,50.2788,25.784,46.501792975895796,0
2278.0,50.2788,25.784,46.48698836511158,0
2279.0,49.9565,25.784,46.47218375432736,0
2280.0,50.2788,25.784,46.45737914354314,0
2281.0,50.2788,25.784,46.442574532758925,0
2282.0,50.2788,25.784,46.42776992197471,0
2284.0,50.2788,25.784,46.41296531119049,0
2285.0,49.9565,25.784,75.83253088280124,0
2286.0,50.2788,25.784,20.53173793201728,0
2288.0,50.2788,25.784,46.38566599123294,0
2289.0,50.2788,25.784,75.80523156284369,0
2290.0,49.9565,25.784,49.93880879445469,0
2291.0,49.9565,25.784,49.941118696065566,0
2292.0,49.9565,25.784,20.509058415281487,0
2293.0,50.2788,25.784,46.36298647449715,0
2294.0,50.2788,25.784,75.7825520461079,0
2295.0,49.9565,25.784,20.481759095323937,0
2297.0,49.9565,25.784,46.3356871545396,0
2298.0,49.9565,25.784,75.75525272615035,0
2299.0,49.9565,25.784,49.888829957761345,0
2301.0,49.9565,25.784,49.891139859372224,0
2302.0,49.9565,25.784,49.8934497609831,0
2303.0,49.9565,25.784,49.89575966259398,0
2304.0,49.9565,25.784,49.89806956420486,0
2305.0,49.9565,25.784,49.90037946581574,0
2307.0,49.9565,25.784,49.90268936742662,0
2308.0,49.9565,25.784,49.904999269037496,0
2309.0,49.9565,25.784,49.907309170648375,0
2311.0,49.9565,25.784,49.909619072259254,0
2312.0,49.9565,25.784,49.91192897387013,0
2313.0,49.9565,25.784,49.91423887548101,0
2314.0,49.9565,25.784,49.91654877709189,0
2315.0,49.9565,25.784,49.91885867870277,0
2317.0,49.9565,25.784,49.92116858031365,0
2318.0,49.9565,25.784,49.923478481924526,0
2319.0,49.9565,25.784,49.925788383535405,0
2320.0,49.9565,25.784,49.928098285146284,0
2321.0,49.9565,25.784,49.93040818675716,0
2323.0,49.9565,25.784,49.93271808836804,0
2324.0,49.9565,25.784,49.93502798997892,0
2325.0,49.9565,25.784,49.9373378915898,0
2327.0,49.9565,25.784,49.93964779320068,0
2328.0,49.9565,25.784,49.941957694811556,0
2329.0,49.9565,25.784,49.944267596422435,0
2330.0,49.9565,25.784,49.946577498033314,0
2331.0,49.9565,25.784,49.94888739964419,0
2333.0,49.9565,25.784,49.95119730125507,0
2334.0,49.9565,25.784,49.95350720286595,0
2335.0,49.9565,25.784,49.95581710447683,0
2337.0,49.9565,25.784,49.95812700608771,0
2338.0,49.9565,25.784,49.960436907698586,0
2339.0,49.9565,25.784,49.962746809309465,0
2341.0,49.9565,25.784,49.965056710920344,0
2342.0,50.2788,25.784,20.532996430136265,0
2343.0,50.2788,25.784,75.82129467174688,0
2344.0,49.9565,25.461699999999997,49.95487190335788,0
2345.0,49.9565,25.784,49.95718180496876,0
2347.0,50.2788,25.784,49.95949170657964,0
2348.0,49.9565,25.784,49.96180160819052,0
2349.0,49.9565,25.784,49.9641115098014,0
2350.0,49.9565,25.784,20.53205122901732,0
2351.0,49.9565,25.784,75.82034947062795,0
2352.01,49.9565,25.784,20.519556519843988,0
2354.0,49.9565,25.784,75.8078547614546,0
2355.0,49.9565,25.784,49.941431993065606,0
2356.0,49.9565,25.784,49.943741894676485,0
2357.0,49.9565,25.784,49.946051796287364,0
2358.0,50.2788,25.784,20.513991515503285,0
2360.0,49.9565,25.784,46.36791957471894,0
2361.0,49.9565,25.784,75.78748514632969,0
2363.0,49.9565,25.784,49.921062377940686,0
2364.0,49.9565,25.784,49.923372279551565,0
2365.0,49.9565,25.784,49.92568218116244,0
2367.0,49.9565,25.784,49.92799208277332,0
2368.0,49.9565,25.784,49.9303019843842,0
2369.0,49.9565,25.784,49.93261188599508,0
2371.0,49.9565,25.784,20.500551605211,0
2372.0,49.9565,25.784,75.78884984682162,0
2373.0,49.9565,25.784,49.92242707843262,0
2374.0,49.9565,25.784,49.9247369800435,0
2375.0,49.9565,25.784,49.92704688165438,0
2377.0,49.9565,25.784,49.929356783265256,0
2378.0,49.9565,25.784,49.931666684876134,0
2379.0,49.9565,25.784,49.93397658648701,0
2381.0,49.9565,25.784,49.93628648809789,0
2382.0,49.9565,25.784,49.93859638970877,0
2383.0,49.9565,25.784,49.94090629131965,0
2385.0,49.9565,25.784,49.94321619293053,0
2386.0,49.9565,25.784,49.94552609454141,0
2387.0,49.9565,25.784,49.947835996152286,0
2388.0,49.9565,25.784,49.950145897763164,0
2389.0,50.2788,25.784,49.95245579937404,0
2391.0,49.9565,25.784,49.95476570098492,0
2392.0,50.2788,25.461699999999997,49.9570756025958,0
2393.0,49.9565,25.461699999999997,49.95938550420668,0
2394.0,49.9565,25.784,20.5273252234226,0
2395.0,50.2788,25.784,75.81562346503321,0
2396.0,49.9565,25.784,49.94920069664421,0
2398.0,50.2788,25.461699999999997,20.517140415860133,0
2399.0,49.9565,25.784,75.80543865747075,0
2400.0,49.9565,25.784,20.504645706686787,0
